PRAGMA foreign_keys=OFF;
BEGIN TRANSACTION;
CREATE TABLE package (id INTEGER PRIMARY KEY AUTOINCREMENT, pkg_meta_id INTEGER REFERENCES package_meta (id) ON DELETE CASCADE, version TEXT, source_name STRING);
INSERT INTO "package" VALUES(1,1,'4.10.1','linux');
INSERT INTO "package" VALUES(2,2,'4.09','man-pages');
INSERT INTO "package" VALUES(3,3,'2.25','glibc');
INSERT INTO "package" VALUES(4,11,'2017a','tzdata');
INSERT INTO "package" VALUES(5,4,'1.2.11','zlib');
INSERT INTO "package" VALUES(6,5,'5.30','file');
INSERT INTO "package" VALUES(7,6,'2.28','binutils');
INSERT INTO "package" VALUES(8,7,'6.1.2','gmp');
INSERT INTO "package" VALUES(9,8,'3.1.5','mpfr');
INSERT INTO "package" VALUES(10,9,'1.0.3','mpc');
INSERT INTO "package" VALUES(11,10,'6.3.0','gcc');
INSERT INTO "package" VALUES(12,13,'1.0.6','bzip2');
INSERT INTO "package" VALUES(13,14,'0.29.1','pkg-config');
INSERT INTO "package" VALUES(14,15,'6.0','ncurses');
INSERT INTO "package" VALUES(15,16,'2.4.47','attr');
INSERT INTO "package" VALUES(16,17,'2.2.52','acl');
INSERT INTO "package" VALUES(17,18,'2.25','libcap');
INSERT INTO "package" VALUES(18,19,'4.4','sed');
INSERT INTO "package" VALUES(19,20,'4.4','shadow');
INSERT INTO "package" VALUES(20,24,'22.21','psmisc');
INSERT INTO "package" VALUES(21,25,'2.30','iana-etc');
INSERT INTO "package" VALUES(22,26,'1.4.18','m4');
INSERT INTO "package" VALUES(23,27,'3.0.4','bison');
INSERT INTO "package" VALUES(24,28,'2.6.3','flex');
INSERT INTO "package" VALUES(25,21,'3.0','grep');
INSERT INTO "package" VALUES(26,29,'7.0','readline');
INSERT INTO "package" VALUES(27,30,'4.4','bash');
INSERT INTO "package" VALUES(28,31,'1.06.95','bc');
INSERT INTO "package" VALUES(29,32,'2.4.6','libtool');
INSERT INTO "package" VALUES(30,33,'1.12','gdbm');
INSERT INTO "package" VALUES(31,34,'3.0.4','gperf');
INSERT INTO "package" VALUES(32,35,'2.2.0','expat');
INSERT INTO "package" VALUES(33,36,'1.9.4','inetutils');
INSERT INTO "package" VALUES(34,37,'5.24.1','perl');
INSERT INTO "package" VALUES(35,38,'2.44','XML-Parser');
INSERT INTO "package" VALUES(36,39,'0.51.0','intltool');
INSERT INTO "package" VALUES(37,40,'2.69','autoconf');
INSERT INTO "package" VALUES(38,41,'1.15','automake');
INSERT INTO "package" VALUES(39,42,'5.2.3','xz');
INSERT INTO "package" VALUES(40,22,'24','kmod');
INSERT INTO "package" VALUES(41,43,'0.19.8.1','gettext');
INSERT INTO "package" VALUES(42,23,'233','systemd');
INSERT INTO "package" VALUES(43,44,'3.3.12','procps-ng');
INSERT INTO "package" VALUES(44,45,'1.43.1','e2fsprogs');
INSERT INTO "package" VALUES(45,46,'8.26','coreutils');
INSERT INTO "package" VALUES(46,47,'3.5','diffutils');
INSERT INTO "package" VALUES(47,48,'4.1.4','gawk');
INSERT INTO "package" VALUES(48,49,'4.6.0','findutils');
INSERT INTO "package" VALUES(49,50,'1.22.3','groff');
INSERT INTO "package" VALUES(50,51,'481','less');
INSERT INTO "package" VALUES(51,54,'1.8','gzip');
INSERT INTO "package" VALUES(52,52,'4.10.0','iproute2');
INSERT INTO "package" VALUES(53,53,'2.0.4','kbd');
INSERT INTO "package" VALUES(54,55,'1.4.1','libpipeline');
INSERT INTO "package" VALUES(55,56,'4.2.1','make');
INSERT INTO "package" VALUES(56,57,'2.7.5','patch');
INSERT INTO "package" VALUES(57,58,'1.10.16','dbus');
INSERT INTO "package" VALUES(58,59,'2.29.2','util-linux');
INSERT INTO "package" VALUES(59,60,'2.7.6.1','man-db');
INSERT INTO "package" VALUES(60,61,'1.29','tar');
INSERT INTO "package" VALUES(61,62,'6.3','texinfo');
INSERT INTO "package" VALUES(62,64,'1.0.2k','openssl');
INSERT INTO "package" VALUES(63,65,'7.53.1','curl');
INSERT INTO "package" VALUES(64,66,'3.17.0','sqlite');
INSERT INTO "package" VALUES(65,67,'2.21','which');
INSERT INTO "package" VALUES(66,68,'CVS_20101030','net-tools');
INSERT INTO "package" VALUES(67,69,'20151218','iputils');
INSERT INTO "package" VALUES(68,70,'1.19.1','wget');
INSERT INTO "package" VALUES(69,71,'7.4p1','openssh');
INSERT INTO "package" VALUES(70,72,'1','baselayout');
INSERT INTO "package" VALUES(71,73,'1.7.5','lz4');
INSERT INTO "package" VALUES(72,74,'2.9.6','cracklib');
INSERT INTO "package" VALUES(73,75,'6.0','unzip');
INSERT INTO "package" VALUES(74,76,'2.4.6','libltdl');
INSERT INTO "package" VALUES(75,77,'1.3.0','pam');
INSERT INTO "package" VALUES(76,78,'6.2.23','db');
INSERT INTO "package" VALUES(77,79,'1.0.1','libtirpc');
INSERT INTO "package" VALUES(78,81,'1.4.21','iptables');
INSERT INTO "package" VALUES(79,82,'8.39.3','libpcre');
INSERT INTO "package" VALUES(80,83,'2.23','perl-cleaner');
INSERT INTO "package" VALUES(81,84,'2.3.1','libseccomp');
INSERT INTO "package" VALUES(82,85,'1.2.2','pax-utils');
INSERT INTO "package" VALUES(83,86,'20161102','ca-certificates');
INSERT INTO "package" VALUES(84,87,'20161103','hwids');
INSERT INTO "package" VALUES(85,88,'1.240.0','libintl-perl');
INSERT INTO "package" VALUES(86,90,'1.300.0','Text-Unidecode');
INSERT INTO "package" VALUES(87,89,'1.330.0','Unicode-EastAsianWidth');
INSERT INTO "package" VALUES(88,91,'20150213','pambase');
INSERT INTO "package" VALUES(89,92,'2.9.4','libxml2');
INSERT INTO "package" VALUES(90,93,'58.2','icu');
INSERT INTO "package" VALUES(91,94,'2.7.5','nano');
INSERT INTO "package" VALUES(92,95,'1.7.6','libgcrypt');
INSERT INTO "package" VALUES(93,96,'1.27','libgpg-error');
INSERT INTO "package" VALUES(94,97,'1.1.29','libxslt');
INSERT INTO "package" VALUES(95,98,'0.0.28','xmlto');
INSERT INTO "package" VALUES(96,99,'1.79.1','docbook-xsl-stylesheets');
INSERT INTO "package" VALUES(97,100,'4.5','docbook-xml-dtd');
INSERT INTO "package" VALUES(98,101,'1.21','build-docbook-catalog');
CREATE TABLE config_aliases (id INTEGER PRIMARY KEY AUTOINCREMENT, alias TEXT, on_value TEXT, off_value TEXT);
INSERT INTO "config_aliases" VALUES(1,'ENDIS','--enable-${OPT}','--disable-${OPT}');
INSERT INTO "config_aliases" VALUES(2,'WITHIO','--with-${OPT}','--without-${OPT}');
INSERT INTO "config_aliases" VALUES(3,'DISEN','--enable-${OPT}','--disable-${OPT}');
INSERT INTO "config_aliases" VALUES(4,'EXPYN','${OPT}=yes','${OPT}=no');
INSERT INTO "config_aliases" VALUES(5,'EXPNY','${OPT}=no','${OPT}=yes');
INSERT INTO "config_aliases" VALUES(6,'FLAGOFF','','${OPT}');
INSERT INTO "config_aliases" VALUES(7,'FLAGON','${OPT}','');
INSERT INTO "config_aliases" VALUES(8,'EXP_YN','y','n');
INSERT INTO "config_aliases" VALUES(9,'WITH','--with${OPT}','');
CREATE TABLE prepare_cmds (id INTEGER PRIMARY KEY AUTOINCREMENT, pkg_id INTEGER REFERENCES package (id), cmd STRING, dir STRING, dep_by_opt_id INTEGER REFERENCES config_opts (id));
INSERT INTO "prepare_cmds" VALUES(1,1,'make mrproper','${SRC_DIR}/${PS}-${PV}',NULL);
INSERT INTO "prepare_cmds" VALUES(2,3,'patch -Np1 -i ${PKG_SOURCES}/glibc-2.25-fhs-1.patch','${SRC_DIR}/${PS}-${PV}',NULL);
INSERT INTO "prepare_cmds" VALUES(4,12,'patch -Np1 -i ${PKG_SOURCES}/bzip2-1.0.6-install_docs-1.patch','${SRC_DIR}/${PS}-${PV}',NULL);
INSERT INTO "prepare_cmds" VALUES(5,12,'sed -i ''s@\(ln -s -f \)$(PREFIX)/bin/@\1@'' Makefile','${SRC_DIR}/${PS}-${PV}',NULL);
INSERT INTO "prepare_cmds" VALUES(6,12,'sed -i "s@(PREFIX)/man@(PREFIX)/share/man@g" Makefile','${SRC_DIR}/${PS}-${PV}',NULL);
INSERT INTO "prepare_cmds" VALUES(8,14,'sed -i ''/LIBTOOL_INSTALL/d'' c++/Makefile.in','${SRC_DIR}/${PS}-${PV}',NULL);
INSERT INTO "prepare_cmds" VALUES(9,15,'sed -i -e ''s|/@pkg_name@|&-@pkg_version@|'' include/builddefs.in','${SRC_DIR}/${PS}-${PV}',NULL);
INSERT INTO "prepare_cmds" VALUES(10,15,'sed -i -e "/SUBDIRS/s|man[25]||g" man/Makefile','${SRC_DIR}/${PS}-${PV}',NULL);
INSERT INTO "prepare_cmds" VALUES(11,16,'sed -i -e ''s|/@pkg_name@|&-@pkg_version@|'' include/builddefs.in','${SRC_DIR}/${PS}-${PV}',NULL);
INSERT INTO "prepare_cmds" VALUES(12,16,'sed -i "s:| sed.*::g" test/{sbits-restore,cp,misc}.test','${SRC_DIR}/${PS}-${PV}',NULL);
INSERT INTO "prepare_cmds" VALUES(13,16,'sed -i -e "/TABS-1;/a if (x > (TABS-1)) x = (TABS-1);" libacl/__acl_to_any_text.c','${SRC_DIR}/${PS}-${PV}',NULL);
INSERT INTO "prepare_cmds" VALUES(14,17,'sed -i ''/install.*STALIBNAME/d'' libcap/Makefile','${SRC_DIR}/${PS}-${PV}',NULL);
INSERT INTO "prepare_cmds" VALUES(15,19,'sed -i ''s/groups$(EXEEXT) //'' src/Makefile.in','${SRC_DIR}/${PS}-${PV}',NULL);
INSERT INTO "prepare_cmds" VALUES(16,19,'find man -name Makefile.in -exec sed -i ''s/groups\.1 / /''   {} \;','${SRC_DIR}/${PS}-${PV}',NULL);
INSERT INTO "prepare_cmds" VALUES(17,19,'find man -name Makefile.in -exec sed -i ''s/getspnam\.3 / /'' {} \;','${SRC_DIR}/${PS}-${PV}',NULL);
INSERT INTO "prepare_cmds" VALUES(18,19,'find man -name Makefile.in -exec sed -i ''s/passwd\.5 / /''   {} \;','${SRC_DIR}/${PS}-${PV}',NULL);
INSERT INTO "prepare_cmds" VALUES(19,19,'sed -i -e ''s@#ENCRYPT_METHOD DES@ENCRYPT_METHOD SHA512@'' -e ''s@/var/spool/mail@/var/mail@'' etc/login.defs','${SRC_DIR}/${PS}-${PV}',NULL);
INSERT INTO "prepare_cmds" VALUES(20,19,'sed -i ''s@DICTPATH.*@DICTPATH\t/lib/cracklib/pw_dict@'' etc/login.defs','${SRC_DIR}/${PS}-${PV}',NULL);
INSERT INTO "prepare_cmds" VALUES(21,19,'sed -i ''s/1000/999/'' etc/useradd','${SRC_DIR}/${PS}-${PV}',NULL);
INSERT INTO "prepare_cmds" VALUES(23,26,'sed -i ''/MV.*old/d'' Makefile.in','${SRC_DIR}/${PS}-${PV}',NULL);
INSERT INTO "prepare_cmds" VALUES(24,26,'sed -i ''/{OLDSUFF}/c:'' support/shlib-install','${SRC_DIR}/${PS}-${PV}',NULL);
INSERT INTO "prepare_cmds" VALUES(25,27,'patch -Np1 -i ${PKG_SOURCES}/bash-4.4-upstream_fixes-1.patch','${SRC_DIR}/${PS}-${PV}',NULL);
INSERT INTO "prepare_cmds" VALUES(26,28,'patch -Np1 -i ${PKG_SOURCES}/bc-1.06.95-memory_leak-1.patch','${SRC_DIR}/${PS}-${PV}',NULL);
INSERT INTO "prepare_cmds" VALUES(27,36,'sed -i ''s:\\\${:\\\$\\{:'' intltool-update.in','${SRC_DIR}/${PS}-${PV}',NULL);
INSERT INTO "prepare_cmds" VALUES(28,38,'sed -i ''s:/\\\${:/\\\$\\{:'' bin/automake.in','${SRC_DIR}/${PS}-${PV}',NULL);
INSERT INTO "prepare_cmds" VALUES(30,42,'sed -i "s:blkid/::" $(grep -rl "blkid/blkid.h")','${SRC_DIR}/${PS}-${PV}',NULL);
INSERT INTO "prepare_cmds" VALUES(31,42,'sed -e ''s:test/udev-test.pl ::g'' -e ''s:test-copy$(EXEEXT) ::g'' -i Makefile.in','${SRC_DIR}/${PS}-${PV}',NULL);
INSERT INTO "prepare_cmds" VALUES(33,44,'sed -i -e ''s:\[\.-\]::'' tests/filter.sed','${SRC_DIR}/${PS}-${PV}',NULL);
INSERT INTO "prepare_cmds" VALUES(34,45,'patch -Np1 -i ${PKG_SOURCES}/coreutils-8.26-i18n-1.patch','${SRC_DIR}/${PS}-${PV}',NULL);
INSERT INTO "prepare_cmds" VALUES(35,45,'patch -Np1 -i ${PKG_SOURCES}/003_all_coreutils-gentoo-uname.patch','${SRC_DIR}/${PS}-${PV}',NULL);
INSERT INTO "prepare_cmds" VALUES(36,46,'sed -i ''s:= @mkdir_p@:= /bin/mkdir -p:'' po/Makefile.in.in','${SRC_DIR}/${PS}-${PV}',NULL);
INSERT INTO "prepare_cmds" VALUES(37,52,'sed -i /ARPD/d Makefile','${SRC_DIR}/${PS}-${PV}',NULL);
INSERT INTO "prepare_cmds" VALUES(38,52,'sed -i ''s/arpd.8//'' man/man8/Makefile','${SRC_DIR}/${PS}-${PV}',NULL);
INSERT INTO "prepare_cmds" VALUES(39,52,'rm -v doc/arpd.sgml','${SRC_DIR}/${PS}-${PV}',NULL);
INSERT INTO "prepare_cmds" VALUES(40,52,'sed -i ''s/m_ipt.o//'' tc/Makefile','${SRC_DIR}/${PS}-${PV}',NULL);
INSERT INTO "prepare_cmds" VALUES(41,53,'patch -Np1 -i ${PKG_SOURCES}/kbd-2.0.4-backspace-1.patch','${SRC_DIR}/${PS}-${PV}',NULL);
INSERT INTO "prepare_cmds" VALUES(42,53,'sed -i ''s/\(RESIZECONS_PROGS=\)yes/\1no/g'' configure','${SRC_DIR}/${PS}-${PV}',NULL);
INSERT INTO "prepare_cmds" VALUES(43,53,'sed -i ''s/resizecons.8 //'' docs/man/man8/Makefile.in','${SRC_DIR}/${PS}-${PV}',NULL);
INSERT INTO "prepare_cmds" VALUES(44,58,'mkdir -p ${BIN_DIR}/var/lib/hwclock','${SRC_DIR}/${PS}-${PV}',NULL);
INSERT INTO "prepare_cmds" VALUES(45,19,'echo ''--- src/useradd.c   (old)
+++ src/useradd.c   (new)
@@ -2027,6 +2027,8 @@
        is_shadow_grp = sgr_file_present ();
 #endif
 
+       get_defaults ();
+
        process_flags (argc, argv);
 
 #ifdef ENABLE_SUBIDS
@@ -2036,8 +2038,6 @@
            (!user_id || (user_id <= uid_max && user_id >= uid_min));
 #endif                         /* ENABLE_SUBIDS */
 
-       get_defaults ();
-
 #ifdef ACCT_TOOLS_SETUID
 #ifdef USE_PAM
        {'' | patch -p0 -l','${SRC_DIR}/${PS}-${PV}',NULL);
INSERT INTO "prepare_cmds" VALUES(46,19,'sed -i -e ''47 d'' -e ''60,65 d'' libmisc/myname.c','${SRC_DIR}/${PS}-${PV}',NULL);
INSERT INTO "prepare_cmds" VALUES(47,19,'patch -Np1 -i ${PKG_SOURCES}/shadow-4.4-su-snprintf.patch','${SRC_DIR}/${PS}-${PV}',NULL);
INSERT INTO "prepare_cmds" VALUES(49,66,'patch -Np1 -i ${PKG_SOURCES}/net-tools-CVS_20101030-remove_dups-1.patch','${SRC_DIR}/${PS}-${PV}',NULL);
INSERT INTO "prepare_cmds" VALUES(50,66,'sed -i ''/#include <netinet\/ip.h>/d''  iptunnel.c','${SRC_DIR}/${PS}-${PV}',NULL);
INSERT INTO "prepare_cmds" VALUES(51,66,'sed -i -e "/^bool.* I18N /s:[yn]$:${OPT nls EXP_YN nls}:" config.in','${SRC_DIR}/${PS}-${PV}',5);
INSERT INTO "prepare_cmds" VALUES(52,66,'sed -i -e "/^bool.* HAVE_AFINET6 /s:[yn]$:${OPT ipv6 EXP_YN ipv6}:" config.in','${SRC_DIR}/${PS}-${PV}',54);
INSERT INTO "prepare_cmds" VALUES(53,66,'sed -i -e "/^bool.* HAVE_HWIB /s:[yn]$:y:" config.in','${SRC_DIR}/${PS}-${PV}',NULL);
CREATE TABLE installed_pkg_files (id INTEGER PRIMARY KEY AUTOINCREMENT, pkg_id INTEGER REFERENCES package (id) ON DELETE CASCADE, name TEXT);
CREATE TABLE pkg_deps (id INTEGER PRIMARY KEY AUTOINCREMENT, pkg_id INTEGER REFERENCES package_meta (id) ON DELETE CASCADE, dep_by_pkg_id INTEGER REFERENCES package_meta (id), dep_by_opt INTEGER);
INSERT INTO "pkg_deps" VALUES(2,3,1,NULL);
INSERT INTO "pkg_deps" VALUES(3,10,7,NULL);
INSERT INTO "pkg_deps" VALUES(4,10,8,35);
INSERT INTO "pkg_deps" VALUES(5,10,9,0);
INSERT INTO "pkg_deps" VALUES(7,8,7,NULL);
INSERT INTO "pkg_deps" VALUES(8,9,7,NULL);
INSERT INTO "pkg_deps" VALUES(9,9,8,NULL);
INSERT INTO "pkg_deps" VALUES(13,61,17,7);
INSERT INTO "pkg_deps" VALUES(15,61,16,8);
INSERT INTO "pkg_deps" VALUES(16,30,15,NULL);
INSERT INTO "pkg_deps" VALUES(19,30,29,10);
INSERT INTO "pkg_deps" VALUES(20,61,43,5);
INSERT INTO "pkg_deps" VALUES(21,40,26,NULL);
INSERT INTO "pkg_deps" VALUES(22,40,37,NULL);
INSERT INTO "pkg_deps" VALUES(25,41,37,NULL);
INSERT INTO "pkg_deps" VALUES(26,32,40,NULL);
INSERT INTO "pkg_deps" VALUES(27,32,41,NULL);
INSERT INTO "pkg_deps" VALUES(29,46,17,7);
INSERT INTO "pkg_deps" VALUES(30,46,18,14);
INSERT INTO "pkg_deps" VALUES(31,46,7,15);
INSERT INTO "pkg_deps" VALUES(32,46,16,8);
INSERT INTO "pkg_deps" VALUES(33,46,42,NULL);
INSERT INTO "pkg_deps" VALUES(35,47,42,NULL);
INSERT INTO "pkg_deps" VALUES(36,47,43,5);
INSERT INTO "pkg_deps" VALUES(37,5,4,18);
INSERT INTO "pkg_deps" VALUES(38,49,43,5);
INSERT INTO "pkg_deps" VALUES(39,48,29,10);
INSERT INTO "pkg_deps" VALUES(40,48,8,19);
INSERT INTO "pkg_deps" VALUES(41,48,43,5);
INSERT INTO "pkg_deps" VALUES(42,21,14,0);
INSERT INTO "pkg_deps" VALUES(43,21,43,5);
INSERT INTO "pkg_deps" VALUES(44,51,15,NULL);
INSERT INTO "pkg_deps" VALUES(45,19,17,7);
INSERT INTO "pkg_deps" VALUES(46,19,43,5);
INSERT INTO "pkg_deps" VALUES(47,6,4,18);
INSERT INTO "pkg_deps" VALUES(48,6,43,5);
INSERT INTO "pkg_deps" VALUES(49,6,28,NULL);
INSERT INTO "pkg_deps" VALUES(50,27,28,NULL);
INSERT INTO "pkg_deps" VALUES(51,27,43,5);
INSERT INTO "pkg_deps" VALUES(52,28,42,NULL);
INSERT INTO "pkg_deps" VALUES(53,28,43,5);
INSERT INTO "pkg_deps" VALUES(55,10,6,0);
INSERT INTO "pkg_deps" VALUES(56,10,27,NULL);
INSERT INTO "pkg_deps" VALUES(57,10,28,NULL);
INSERT INTO "pkg_deps" VALUES(58,10,43,5);
INSERT INTO "pkg_deps" VALUES(60,43,17,7);
INSERT INTO "pkg_deps" VALUES(61,43,35,NULL);
INSERT INTO "pkg_deps" VALUES(62,43,15,40);
INSERT INTO "pkg_deps" VALUES(63,56,43,5);
INSERT INTO "pkg_deps" VALUES(64,57,16,8);
INSERT INTO "pkg_deps" VALUES(68,3,6,NULL);
INSERT INTO "pkg_deps" VALUES(69,3,10,NULL);
INSERT INTO "pkg_deps" VALUES(70,3,11,NULL);
INSERT INTO "pkg_deps" VALUES(71,1,42,NULL);
INSERT INTO "pkg_deps" VALUES(72,20,17,7);
INSERT INTO "pkg_deps" VALUES(73,20,16,8);
INSERT INTO "pkg_deps" VALUES(74,20,42,NULL);
INSERT INTO "pkg_deps" VALUES(75,20,43,5);
INSERT INTO "pkg_deps" VALUES(76,65,64,0);
INSERT INTO "pkg_deps" VALUES(77,37,33,47);
INSERT INTO "pkg_deps" VALUES(78,37,13,NULL);
INSERT INTO "pkg_deps" VALUES(79,37,4,NULL);
INSERT INTO "pkg_deps" VALUES(80,7,26,0);
INSERT INTO "pkg_deps" VALUES(81,7,42,NULL);
INSERT INTO "pkg_deps" VALUES(82,55,14,0);
INSERT INTO "pkg_deps" VALUES(83,64,4,18);
INSERT INTO "pkg_deps" VALUES(84,64,37,NULL);
INSERT INTO "pkg_deps" VALUES(85,38,35,0);
INSERT INTO "pkg_deps" VALUES(86,38,37,NULL);
INSERT INTO "pkg_deps" VALUES(87,39,37,NULL);
INSERT INTO "pkg_deps" VALUES(88,39,38,NULL);
INSERT INTO "pkg_deps" VALUES(89,65,64,43);
INSERT INTO "pkg_deps" VALUES(90,16,43,5);
INSERT INTO "pkg_deps" VALUES(91,16,40,NULL);
INSERT INTO "pkg_deps" VALUES(93,22,4,18);
INSERT INTO "pkg_deps" VALUES(94,23,59,0);
INSERT INTO "pkg_deps" VALUES(95,23,17,7);
INSERT INTO "pkg_deps" VALUES(96,23,65,56);
INSERT INTO "pkg_deps" VALUES(97,23,22,58);
INSERT INTO "pkg_deps" VALUES(98,23,42,59);
INSERT INTO "pkg_deps" VALUES(99,52,42,0);
INSERT INTO "pkg_deps" VALUES(100,52,27,NULL);
INSERT INTO "pkg_deps" VALUES(101,52,28,NULL);
INSERT INTO "pkg_deps" VALUES(102,52,1,NULL);
INSERT INTO "pkg_deps" VALUES(103,53,54,0);
INSERT INTO "pkg_deps" VALUES(104,53,14,NULL);
INSERT INTO "pkg_deps" VALUES(106,59,18,14);
INSERT INTO "pkg_deps" VALUES(107,59,15,40);
INSERT INTO "pkg_deps" VALUES(108,59,43,5);
INSERT INTO "pkg_deps" VALUES(109,59,14,NULL);
INSERT INTO "pkg_deps" VALUES(110,59,1,NULL);
INSERT INTO "pkg_deps" VALUES(111,59,29,10);
INSERT INTO "pkg_deps" VALUES(112,60,33,47);
INSERT INTO "pkg_deps" VALUES(113,60,50,NULL);
INSERT INTO "pkg_deps" VALUES(114,60,4,18);
INSERT INTO "pkg_deps" VALUES(115,60,42,NULL);
INSERT INTO "pkg_deps" VALUES(116,60,14,NULL);
INSERT INTO "pkg_deps" VALUES(117,60,43,5);
INSERT INTO "pkg_deps" VALUES(118,62,37,NULL);
INSERT INTO "pkg_deps" VALUES(119,62,42,NULL);
INSERT INTO "pkg_deps" VALUES(120,62,43,5);
INSERT INTO "pkg_deps" VALUES(121,26,42,0);
INSERT INTO "pkg_deps" VALUES(122,31,29,10);
INSERT INTO "pkg_deps" VALUES(123,31,28,NULL);
INSERT INTO "pkg_deps" VALUES(124,32,42,NULL);
INSERT INTO "pkg_deps" VALUES(125,41,40,NULL);
INSERT INTO "pkg_deps" VALUES(126,41,62,NULL);
INSERT INTO "pkg_deps" VALUES(127,45,43,5);
INSERT INTO "pkg_deps" VALUES(128,45,14,NULL);
INSERT INTO "pkg_deps" VALUES(129,45,62,NULL);
INSERT INTO "pkg_deps" VALUES(130,1,37,NULL);
INSERT INTO "pkg_deps" VALUES(131,3,18,14);
INSERT INTO "pkg_deps" VALUES(132,18,1,0);
INSERT INTO "pkg_deps" VALUES(133,29,14,0);
INSERT INTO "pkg_deps" VALUES(134,24,32,0);
INSERT INTO "pkg_deps" VALUES(135,24,43,5);
INSERT INTO "pkg_deps" VALUES(136,24,15,NULL);
INSERT INTO "pkg_deps" VALUES(137,44,15,40);
INSERT INTO "pkg_deps" VALUES(138,44,23,62);
INSERT INTO "pkg_deps" VALUES(139,44,14,40);
INSERT INTO "pkg_deps" VALUES(140,44,14,62);
INSERT INTO "pkg_deps" VALUES(141,68,42,0);
INSERT INTO "pkg_deps" VALUES(142,69,18,14);
INSERT INTO "pkg_deps" VALUES(143,69,64,55);
INSERT INTO "pkg_deps" VALUES(144,69,1,NULL);
INSERT INTO "pkg_deps" VALUES(145,70,42,NULL);
INSERT INTO "pkg_deps" VALUES(146,70,14,NULL);
INSERT INTO "pkg_deps" VALUES(147,70,43,5);
INSERT INTO "pkg_deps" VALUES(148,71,64,55);
INSERT INTO "pkg_deps" VALUES(149,71,14,NULL);
INSERT INTO "pkg_deps" VALUES(150,71,1,NULL);
INSERT INTO "pkg_deps" VALUES(151,71,40,NULL);
INSERT INTO "pkg_deps" VALUES(152,71,20,NULL);
INSERT INTO "pkg_deps" VALUES(153,23,72,NULL);
INSERT INTO "pkg_deps" VALUES(154,23,73,461);
INSERT INTO "pkg_deps" VALUES(155,23,34,NULL);
INSERT INTO "pkg_deps" VALUES(156,74,4,18);
INSERT INTO "pkg_deps" VALUES(157,20,74,NULL);
INSERT INTO "pkg_deps" VALUES(158,10,75,NULL);
INSERT INTO "pkg_deps" VALUES(159,32,76,NULL);
INSERT INTO "pkg_deps" VALUES(160,77,74,41);
INSERT INTO "pkg_deps" VALUES(161,77,78,46);
INSERT INTO "pkg_deps" VALUES(162,77,79,291);
INSERT INTO "pkg_deps" VALUES(163,77,32,NULL);
INSERT INTO "pkg_deps" VALUES(164,77,28,NULL);
INSERT INTO "pkg_deps" VALUES(165,77,43,5);
INSERT INTO "pkg_deps" VALUES(166,77,14,291);
INSERT INTO "pkg_deps" VALUES(167,78,6,0);
INSERT INTO "pkg_deps" VALUES(168,78,80,396);
INSERT INTO "pkg_deps" VALUES(169,79,42,NULL);
INSERT INTO "pkg_deps" VALUES(170,79,14,NULL);
INSERT INTO "pkg_deps" VALUES(171,71,77,42);
INSERT INTO "pkg_deps" VALUES(172,53,77,42);
INSERT INTO "pkg_deps" VALUES(173,20,77,42);
INSERT INTO "pkg_deps" VALUES(174,23,77,42);
INSERT INTO "pkg_deps" VALUES(175,18,77,42);
INSERT INTO "pkg_deps" VALUES(176,66,29,10);
INSERT INTO "pkg_deps" VALUES(177,52,81,462);
INSERT INTO "pkg_deps" VALUES(178,23,81,60);
INSERT INTO "pkg_deps" VALUES(179,60,55,NULL);
INSERT INTO "pkg_deps" VALUES(180,22,42,59);
INSERT INTO "pkg_deps" VALUES(181,81,1,0);
INSERT INTO "pkg_deps" VALUES(182,81,14,0);
INSERT INTO "pkg_deps" VALUES(184,70,82,20);
INSERT INTO "pkg_deps" VALUES(185,21,82,20);
INSERT INTO "pkg_deps" VALUES(186,51,82,20);
INSERT INTO "pkg_deps" VALUES(187,82,13,99);
INSERT INTO "pkg_deps" VALUES(188,82,4,18);
INSERT INTO "pkg_deps" VALUES(189,82,29,0);
INSERT INTO "pkg_deps" VALUES(190,82,14,NULL);
INSERT INTO "pkg_deps" VALUES(191,37,83,NULL);
INSERT INTO "pkg_deps" VALUES(194,18,16,NULL);
INSERT INTO "pkg_deps" VALUES(195,23,18,NULL);
INSERT INTO "pkg_deps" VALUES(196,77,18,154);
INSERT INTO "pkg_deps" VALUES(197,23,84,357);
INSERT INTO "pkg_deps" VALUES(198,84,1,0);
INSERT INTO "pkg_deps" VALUES(199,85,18,14);
INSERT INTO "pkg_deps" VALUES(200,85,84,357);
INSERT INTO "pkg_deps" VALUES(201,85,14,357);
INSERT INTO "pkg_deps" VALUES(202,85,42,NULL);
INSERT INTO "pkg_deps" VALUES(203,70,64,55);
INSERT INTO "pkg_deps" VALUES(204,64,86,NULL);
INSERT INTO "pkg_deps" VALUES(205,23,46,NULL);
INSERT INTO "pkg_deps" VALUES(206,23,1,NULL);
INSERT INTO "pkg_deps" VALUES(207,23,14,NULL);
INSERT INTO "pkg_deps" VALUES(208,87,37,409);
INSERT INTO "pkg_deps" VALUES(209,23,87,NULL);
INSERT INTO "pkg_deps" VALUES(210,23,39,NULL);
INSERT INTO "pkg_deps" VALUES(211,62,88,NULL);
INSERT INTO "pkg_deps" VALUES(212,62,89,NULL);
INSERT INTO "pkg_deps" VALUES(213,62,90,NULL);
INSERT INTO "pkg_deps" VALUES(214,40,62,NULL);
INSERT INTO "pkg_deps" VALUES(215,71,91,42);
INSERT INTO "pkg_deps" VALUES(216,20,91,NULL);
INSERT INTO "pkg_deps" VALUES(217,77,91,NULL);
INSERT INTO "pkg_deps" VALUES(218,91,42,0);
INSERT INTO "pkg_deps" VALUES(219,91,0,41);
INSERT INTO "pkg_deps" VALUES(220,92,14,0);
INSERT INTO "pkg_deps" VALUES(221,92,42,59);
INSERT INTO "pkg_deps" VALUES(222,92,29,10);
INSERT INTO "pkg_deps" VALUES(223,43,92,NULL);
INSERT INTO "pkg_deps" VALUES(224,93,14,0);
INSERT INTO "pkg_deps" VALUES(225,94,15,0);
INSERT INTO "pkg_deps" VALUES(226,94,5,470);
INSERT INTO "pkg_deps" VALUES(227,94,43,5);
INSERT INTO "pkg_deps" VALUES(228,94,14,NULL);
INSERT INTO "pkg_deps" VALUES(229,95,96,0);
INSERT INTO "pkg_deps" VALUES(230,96,43,5);
INSERT INTO "pkg_deps" VALUES(231,69,95,63);
INSERT INTO "pkg_deps" VALUES(232,23,95,63);
INSERT INTO "pkg_deps" VALUES(233,97,92,0);
INSERT INTO "pkg_deps" VALUES(234,23,97,NULL);
INSERT INTO "pkg_deps" VALUES(235,97,95,116);
INSERT INTO "pkg_deps" VALUES(236,98,100,0);
INSERT INTO "pkg_deps" VALUES(237,98,99,NULL);
INSERT INTO "pkg_deps" VALUES(238,98,30,NULL);
INSERT INTO "pkg_deps" VALUES(239,98,97,NULL);
INSERT INTO "pkg_deps" VALUES(240,98,19,NULL);
INSERT INTO "pkg_deps" VALUES(241,98,46,NULL);
INSERT INTO "pkg_deps" VALUES(242,98,59,NULL);
INSERT INTO "pkg_deps" VALUES(243,98,67,NULL);
INSERT INTO "pkg_deps" VALUES(244,58,98,0);
INSERT INTO "pkg_deps" VALUES(245,100,75,0);
INSERT INTO "pkg_deps" VALUES(246,100,92,NULL);
INSERT INTO "pkg_deps" VALUES(247,100,99,NULL);
INSERT INTO "pkg_deps" VALUES(248,100,99,NULL);
INSERT INTO "pkg_deps" VALUES(249,101,59,NULL);
INSERT INTO "pkg_deps" VALUES(250,101,99,NULL);
INSERT INTO "pkg_deps" VALUES(251,101,92,NULL);
INSERT INTO "pkg_deps" VALUES(252,23,58,NULL);
CREATE TABLE installed_pkg_opts (id INTEGER PRIMARY KEY AUTOINCREMENT, pkg_id INTEGER REFERENCES package (id), opt_id INTEGER REFERENCES config_opts (id) ON DELETE CASCADE, selected INTEGER);
CREATE TABLE installed_pkgs (id INTEGER PRIMARY KEY AUTOINCREMENT, pkg_id INTEGER REFERENCES package (id));
CREATE TABLE config_opts (id INTEGER PRIMARY KEY AUTOINCREMENT, name TEXT, descr TEXT DEFAULT (NULL), "default" INTEGER DEFAULT (0));
INSERT INTO "config_opts" VALUES(1,'minizip',NULL,0);
INSERT INTO "config_opts" VALUES(2,'static-libs','Build static versions of dynamic libraries as well',0);
INSERT INTO "config_opts" VALUES(4,'pic',NULL,0);
INSERT INTO "config_opts" VALUES(5,'nls','Add Native Language Support (using gettext - GNU locale utilities)',0);
INSERT INTO "config_opts" VALUES(6,'threads','Add threads support for various packages. Usually pthreads',0);
INSERT INTO "config_opts" VALUES(7,'acl','Add support for Access Control Lists',0);
INSERT INTO "config_opts" VALUES(8,'xattr','Add support for extended attributes (filesystem-stored metadata)',0);
INSERT INTO "config_opts" VALUES(9,'minimal','Install a very minimal build (disables, for example, plugins, fonts, most drivers, non-critical features)',0);
INSERT INTO "config_opts" VALUES(10,'readline','Enable support for libreadline, a GNU line-editing library that almost everyone wants',0);
INSERT INTO "config_opts" VALUES(11,'afs','Add OpenAFS support (distributed file system)',0);
INSERT INTO "config_opts" VALUES(12,'net',NULL,0);
INSERT INTO "config_opts" VALUES(13,'mem-scramble',NULL,0);
INSERT INTO "config_opts" VALUES(14,'caps','Use Linux capabilities library to control privilege',0);
INSERT INTO "config_opts" VALUES(15,'gmp','Add support for dev-libs/gmp (GNU MP library)',0);
INSERT INTO "config_opts" VALUES(16,'multicall',NULL,0);
INSERT INTO "config_opts" VALUES(17,'python','Add optional support/bindings for the Python language',0);
INSERT INTO "config_opts" VALUES(18,'zlib','Add support for zlib (de)compression',0);
INSERT INTO "config_opts" VALUES(19,'mpfr',NULL,0);
INSERT INTO "config_opts" VALUES(20,'pcre','Add support for Perl Compatible Regular Expressions',0);
INSERT INTO "config_opts" VALUES(21,'unicode','Add support for Unicode',0);
INSERT INTO "config_opts" VALUES(22,'cxx','Build support for C++ (bindings, extra libraries, code generation, ...)',0);
INSERT INTO "config_opts" VALUES(23,'nopie',NULL,0);
INSERT INTO "config_opts" VALUES(24,'nossp',NULL,0);
INSERT INTO "config_opts" VALUES(25,'awt',NULL,0);
INSERT INTO "config_opts" VALUES(26,'multilib','On 64bit systems, if you want to be able to compile 32bit and 64bit binaries',0);
INSERT INTO "config_opts" VALUES(27,'objc',NULL,0);
INSERT INTO "config_opts" VALUES(28,'libssp',NULL,0);
INSERT INTO "config_opts" VALUES(29,'objc++',NULL,0);
INSERT INTO "config_opts" VALUES(30,'go',NULL,0);
INSERT INTO "config_opts" VALUES(31,'graphite',NULL,0);
INSERT INTO "config_opts" VALUES(32,'cilk',NULL,0);
INSERT INTO "config_opts" VALUES(33,'pie','Build programs as Position Independent Executables (a security hardening technique)',0);
INSERT INTO "config_opts" VALUES(35,'fortran','Add support for fortran',0);
INSERT INTO "config_opts" VALUES(36,'nptl','Enable support for Native POSIX Threads Library, the new threading module (requires linux-2.6 or better usually)',0);
INSERT INTO "config_opts" VALUES(37,'sanitize',NULL,0);
INSERT INTO "config_opts" VALUES(39,'openmp',NULL,0);
INSERT INTO "config_opts" VALUES(40,'ncurses','Add ncurses support (console display library)',0);
INSERT INTO "config_opts" VALUES(41,'cracklib','Support for cracklib strong password checking',0);
INSERT INTO "config_opts" VALUES(42,'pam','Add support for PAM (Pluggable Authentication Modules) - DANGEROUS to arbitrarily flip',0);
INSERT INTO "config_opts" VALUES(43,'ldap','Add LDAP support (Lightweight Directory Access Protocol)',0);
INSERT INTO "config_opts" VALUES(44,'idn','Enable support for Internationalized Domain Names',0);
INSERT INTO "config_opts" VALUES(45,'guile','Add support for the guile Scheme interpreter',0);
INSERT INTO "config_opts" VALUES(46,'berkdb','Add support for sys-libs/db (Berkeley DB for MySQL)',0);
INSERT INTO "config_opts" VALUES(47,'gdbm','Add support for sys-libs/gdbm (GNU database libraries)',0);
INSERT INTO "config_opts" VALUES(48,'http2',NULL,0);
INSERT INTO "config_opts" VALUES(49,'adns','Add support for asynchronous DNS resolution',0);
INSERT INTO "config_opts" VALUES(50,'kerberos','Add kerberos support',0);
INSERT INTO "config_opts" VALUES(51,'metalink',NULL,0);
INSERT INTO "config_opts" VALUES(52,'rtmp',NULL,0);
INSERT INTO "config_opts" VALUES(53,'ssh',NULL,0);
INSERT INTO "config_opts" VALUES(54,'ipv6','Add support for IP version 6',0);
INSERT INTO "config_opts" VALUES(55,'ssl','Add support for Secure Socket Layer connections',0);
INSERT INTO "config_opts" VALUES(56,'curl','Add support for client-side URL transfer library',0);
INSERT INTO "config_opts" VALUES(57,'http',NULL,0);
INSERT INTO "config_opts" VALUES(58,'kmod',NULL,0);
INSERT INTO "config_opts" VALUES(59,'lzma','Support for LZMA (de)compression algorithm',0);
INSERT INTO "config_opts" VALUES(60,'nat',NULL,0);
INSERT INTO "config_opts" VALUES(61,'xkb',NULL,0);
INSERT INTO "config_opts" VALUES(62,'systemd','Enable use of systemd-specific libraries and features like socket activation or session tracking',0);
INSERT INTO "config_opts" VALUES(63,'gcrypt',NULL,0);
INSERT INTO "config_opts" VALUES(64,'3dfx','Enable support for Voodoo chipsets, also called as 3DFX and TDFX',0);
INSERT INTO "config_opts" VALUES(65,'X','Add support for X11',0);
INSERT INTO "config_opts" VALUES(66,'Xaw3d','Add support for the 3d athena widget set',0);
INSERT INTO "config_opts" VALUES(67,'a52','Enable support for decoding ATSC A/52 streams used in DVD',0);
INSERT INTO "config_opts" VALUES(68,'aac','Enable support for MPEG-4 AAC Audio',0);
INSERT INTO "config_opts" VALUES(69,'aalib','Add support for media-libs/aalib (ASCII-Graphics Library)',0);
INSERT INTO "config_opts" VALUES(70,'accessibility','Add support for accessibility (eg ''at-spi'' library)',0);
INSERT INTO "config_opts" VALUES(72,'acpi','Add support for Advanced Configuration and Power Interface',0);
INSERT INTO "config_opts" VALUES(75,'aim','Enable AIM IM protocol support',0);
INSERT INTO "config_opts" VALUES(76,'alsa','Add support for media-libs/alsa-lib (Advanced Linux Sound Architecture)',0);
INSERT INTO "config_opts" VALUES(77,'altivec','Add support for optimizations for G4 and G5/ppc970 processors',0);
INSERT INTO "config_opts" VALUES(78,'ao','Use libao audio output library for sound playback',0);
INSERT INTO "config_opts" VALUES(79,'apache2','Add Apache2 support',0);
INSERT INTO "config_opts" VALUES(80,'apm','Add APM (Advanced Power Management) support',0);
INSERT INTO "config_opts" VALUES(81,'aqua','Include support for the Mac OS X Aqua (Carbon/Cocoa) GUI',0);
INSERT INTO "config_opts" VALUES(82,'atm','Enable Asynchronous Transfer Mode protocol support',0);
INSERT INTO "config_opts" VALUES(83,'audiofile','Add support for libaudiofile where applicable',0);
INSERT INTO "config_opts" VALUES(84,'audit','Enable support for Linux audit subsystem using sys-process/audit',0);
INSERT INTO "config_opts" VALUES(85,'avahi','Add avahi/Zeroconf support',0);
INSERT INTO "config_opts" VALUES(86,'ayatana','Build in support for Ayatana notification using the libindicate or libappindicator plugin',0);
INSERT INTO "config_opts" VALUES(87,'bash-completion','Enable bash-completion support',0);
INSERT INTO "config_opts" VALUES(88,'bcmath','Add support for libbcmath',0);
INSERT INTO "config_opts" VALUES(90,'bidi','Enable bidirectional language support',0);
INSERT INTO "config_opts" VALUES(91,'bindist','Flag to enable or disable options for prebuilt (GRP) packages (eg. due to licensing issues)',0);
INSERT INTO "config_opts" VALUES(92,'blas','Add support for the virtual/blas numerical library',0);
INSERT INTO "config_opts" VALUES(93,'bluetooth','Enable Bluetooth Support',0);
INSERT INTO "config_opts" VALUES(94,'bootstrap','!!internal use only!! DO NOT SET THIS FLAG YOURSELF!, used during original system bootstrapping [make stage2]',0);
INSERT INTO "config_opts" VALUES(95,'boundschecking','Add the bounds checking patch by Haj Ten Brugge, this will DISABLE the hardened PIE+SSP patches',0);
INSERT INTO "config_opts" VALUES(96,'branding','Enable Gentoo specific branding',0);
INSERT INTO "config_opts" VALUES(97,'bsf','Enable support for Apache Bean Scripting Framework (dev-java/bsf)',0);
INSERT INTO "config_opts" VALUES(98,'build','!!internal use only!! DO NOT SET THIS FLAG YOURSELF!, used for creating build images and the first half of bootstrapping [make stage1]',0);
INSERT INTO "config_opts" VALUES(99,'bzip2','Use the bzlib compression library',0);
INSERT INTO "config_opts" VALUES(100,'cairo','Enable support for the cairo graphics library',0);
INSERT INTO "config_opts" VALUES(101,'calendar','Add support for calendars (not using mcal!)',0);
INSERT INTO "config_opts" VALUES(102,'canna','Add support for the Canna kana to kanji conversion engine',0);
INSERT INTO "config_opts" VALUES(104,'cdb','Add support for the CDB database engine from the author of qmail',0);
INSERT INTO "config_opts" VALUES(105,'cdda','Add Compact Disk Digital Audio (Standard Audio CD) support',0);
INSERT INTO "config_opts" VALUES(106,'cddb','Access cddb servers to retrieve and submit information about compact disks',0);
INSERT INTO "config_opts" VALUES(107,'cdinstall','Copy files from the CD rather than asking the user to copy them, mostly used with games',0);
INSERT INTO "config_opts" VALUES(108,'cdparanoia','Enable cdparanoia (audio CD ripper) support',0);
INSERT INTO "config_opts" VALUES(109,'cdr','Add support for CD writer hardware',0);
INSERT INTO "config_opts" VALUES(110,'cgi','Add CGI script support',0);
INSERT INTO "config_opts" VALUES(111,'cjk','Add support for Multi-byte character languages (Chinese, Japanese, Korean)',0);
INSERT INTO "config_opts" VALUES(112,'clamav','Add support for Clam AntiVirus software (usually with a plugin)',0);
INSERT INTO "config_opts" VALUES(113,'connman','Add support for net-misc/connman',0);
INSERT INTO "config_opts" VALUES(114,'coreaudio','Build the CoreAudio driver on Mac OS X systems',0);
INSERT INTO "config_opts" VALUES(116,'crypt','Add support for encryption -- using mcrypt or gpg where applicable',0);
INSERT INTO "config_opts" VALUES(117,'cscope','Enable cscope interface -- in vim for example',0);
INSERT INTO "config_opts" VALUES(118,'css','Enable reading of encrypted DVDs',0);
INSERT INTO "config_opts" VALUES(119,'ctype','Enable ctype functions',0);
INSERT INTO "config_opts" VALUES(120,'cups','Add support for CUPS (Common Unix Printing System)',0);
INSERT INTO "config_opts" VALUES(122,'custom-cflags','Build with user-specified CFLAGS (unsupported)',0);
INSERT INTO "config_opts" VALUES(123,'cvs','Enable CVS (Concurrent Versions System) integration',0);
INSERT INTO "config_opts" VALUES(125,'dbi','Enable dev-db/libdbi (database-independent abstraction layer) support',0);
INSERT INTO "config_opts" VALUES(126,'dbm','Add support for generic DBM databases',0);
INSERT INTO "config_opts" VALUES(127,'dbus','Enable dbus support for anything that needs it (gpsd, gnomemeeting, etc)',0);
INSERT INTO "config_opts" VALUES(128,'debug','Enable extra debug codepaths, like asserts and extra output. If you want to get meaningful backtraces see https://wiki.gentoo.org/wiki/Project:Quality_Assurance/Backtraces',0);
INSERT INTO "config_opts" VALUES(129,'dedicated','Add support for dedicated game servers (some packages do not provide clients and servers at the same time)',0);
INSERT INTO "config_opts" VALUES(130,'dga','Add DGA (Direct Graphic Access) support for X',0);
INSERT INTO "config_opts" VALUES(131,'directfb','Add support for DirectFB layer (library for FB devices)',0);
INSERT INTO "config_opts" VALUES(132,'djvu','Support DjVu, a PDF-like document format esp. suited for scanned documents',0);
INSERT INTO "config_opts" VALUES(133,'doc','Add extra documentation (API, Javadoc, etc). It is recommended to enable per package instead of globally',0);
INSERT INTO "config_opts" VALUES(134,'dri','Enable direct rendering: used for accelerated 3D and some 2D, like DMA',0);
INSERT INTO "config_opts" VALUES(135,'dts','Enable DTS Coherent Acoustics decoder support',0);
INSERT INTO "config_opts" VALUES(136,'dv','Enable support for a codec used by many camcorders',0);
INSERT INTO "config_opts" VALUES(137,'dvb','Add support for DVB (Digital Video Broadcasting)',0);
INSERT INTO "config_opts" VALUES(138,'dvd','Add support for DVDs',0);
INSERT INTO "config_opts" VALUES(139,'dvdr','Add support for DVD writer hardware (e.g. in xcdroast)',0);
INSERT INTO "config_opts" VALUES(140,'eds','Enable support for Evolution-Data-Server (EDS)',0);
INSERT INTO "config_opts" VALUES(141,'emacs','Add support for GNU Emacs',0);
INSERT INTO "config_opts" VALUES(142,'emboss','Add support for the European Molecular Biology Open Software Suite',0);
INSERT INTO "config_opts" VALUES(143,'encode','Add support for encoding of audio or video files',0);
INSERT INTO "config_opts" VALUES(144,'enscript','Add enscript support to colourize code stored in the repository',0);
INSERT INTO "config_opts" VALUES(145,'evo','Add support for mail-client/evolution',0);
INSERT INTO "config_opts" VALUES(146,'examples','Install examples, usually source code',0);
INSERT INTO "config_opts" VALUES(147,'exif','Add support for reading EXIF headers from JPEG and TIFF images',0);
INSERT INTO "config_opts" VALUES(148,'expat','Enable the use of dev-libs/expat for XML parsing',0);
INSERT INTO "config_opts" VALUES(149,'fam','Enable FAM (File Alteration Monitor) support',0);
INSERT INTO "config_opts" VALUES(150,'fastcgi','Add support for the FastCGI interface',0);
INSERT INTO "config_opts" VALUES(151,'fbcon','Add framebuffer support for the console, via the kernel',0);
INSERT INTO "config_opts" VALUES(152,'ffmpeg','Enable ffmpeg/libav-based audio/video codec support',0);
INSERT INTO "config_opts" VALUES(153,'fftw','Use FFTW library for computing Fourier transforms',0);
INSERT INTO "config_opts" VALUES(154,'filecaps','Use Linux file capabilities to control privilege rather than set*id (this is orthogonal to USE=caps which uses capabilities at runtime e.g. libcap)',0);
INSERT INTO "config_opts" VALUES(155,'firebird','Add support for the Firebird relational database',0);
INSERT INTO "config_opts" VALUES(156,'flac','Add support for FLAC: Free Lossless Audio Codec',0);
INSERT INTO "config_opts" VALUES(157,'flatfile','Add dbm support for flat files',0);
INSERT INTO "config_opts" VALUES(158,'fltk','Add support for the Fast Light Toolkit gui interface',0);
INSERT INTO "config_opts" VALUES(159,'fontconfig','Support for configuring and customizing font access via media-libs/fontconfig',0);
INSERT INTO "config_opts" VALUES(160,'foomaticdb','Add support for the foomatic printing driver database',0);
INSERT INTO "config_opts" VALUES(162,'freetds','Add support for the TDS protocol to connect to MSSQL/Sybase databases',0);
INSERT INTO "config_opts" VALUES(163,'freewnn','Add support for FreeWnn kana to kanji conversion engine',0);
INSERT INTO "config_opts" VALUES(164,'ftp','Add FTP (File Transfer Protocol) support',0);
INSERT INTO "config_opts" VALUES(165,'gcj','Enable building with gcj (The GNU Compiler for the Javatm Programming Language)',0);
INSERT INTO "config_opts" VALUES(166,'gd','Add support for media-libs/gd (to generate graphics on the fly)',0);
INSERT INTO "config_opts" VALUES(168,'geoip','Add geoip support for country and city lookup based on IPs',0);
INSERT INTO "config_opts" VALUES(169,'geolocation','Enable physical position determination',0);
INSERT INTO "config_opts" VALUES(170,'ggi','Add support for media-libs/libggi (non-X video api/drivers)',0);
INSERT INTO "config_opts" VALUES(171,'gif','Add GIF image support',0);
INSERT INTO "config_opts" VALUES(172,'gimp','Build a plugin for the GIMP',0);
INSERT INTO "config_opts" VALUES(173,'git','Enable git (version control system) support',0);
INSERT INTO "config_opts" VALUES(174,'glut','Build an OpenGL plugin using the GLUT library',0);
INSERT INTO "config_opts" VALUES(175,'gmp','Add support for dev-libs/gmp (GNU MP library)',0);
INSERT INTO "config_opts" VALUES(176,'gnome','Add GNOME support',0);
INSERT INTO "config_opts" VALUES(177,'gnome-keyring','Enable support for storing passwords via gnome-keyring',0);
INSERT INTO "config_opts" VALUES(178,'gnuplot','Enable support for gnuplot (data and function plotting)',0);
INSERT INTO "config_opts" VALUES(179,'gnutls','Add support for net-libs/gnutls (TLS 1.0 and SSL 3.0 support)',0);
INSERT INTO "config_opts" VALUES(180,'gphoto2','Add digital camera support',0);
INSERT INTO "config_opts" VALUES(182,'gps','Add support for Global Positioning System',0);
INSERT INTO "config_opts" VALUES(183,'graphicsmagick','Build and link against GraphicsMagick instead of ImageMagick (might require USE=imagemagick if optional)',0);
INSERT INTO "config_opts" VALUES(184,'graphviz','Add support for the Graphviz library',0);
INSERT INTO "config_opts" VALUES(185,'gsl','Use the GNU scientific library for calculations',0);
INSERT INTO "config_opts" VALUES(186,'gsm','Add support for the gsm lossy speech compression codec',0);
INSERT INTO "config_opts" VALUES(187,'gstreamer','Add support for media-libs/gstreamer (Streaming media)',0);
INSERT INTO "config_opts" VALUES(188,'gtk','Add support for x11-libs/gtk+ (The GIMP Toolkit)',0);
INSERT INTO "config_opts" VALUES(190,'gzip','Compress files with Lempel-Ziv coding (LZ77)',0);
INSERT INTO "config_opts" VALUES(191,'handbook','Enable handbooks generation for packages by KDE',0);
INSERT INTO "config_opts" VALUES(192,'hardened','Activate default security enhancements for toolchain (gcc, glibc, binutils)',0);
INSERT INTO "config_opts" VALUES(193,'hddtemp','Enable monitoring of hdd temperature (app-admin/hddtemp)',0);
INSERT INTO "config_opts" VALUES(194,'hdf5','Add support for the Hierarchical Data Format v5',0);
INSERT INTO "config_opts" VALUES(195,'hscolour','Include coloured haskell sources to generated documentation (dev-haskell/hscolour)',0);
INSERT INTO "config_opts" VALUES(196,'ibm','Add support for IBM ppc64 specific systems',0);
INSERT INTO "config_opts" VALUES(197,'iconv','Enable support for the iconv character set conversion library',0);
INSERT INTO "config_opts" VALUES(198,'icq','Enable ICQ IM protocol support',0);
INSERT INTO "config_opts" VALUES(199,'icu','Enable ICU (Internationalization Components for Unicode) support, using dev-libs/icu',0);
INSERT INTO "config_opts" VALUES(201,'ieee1394','Enable FireWire/iLink IEEE1394 support (dv, camera, ...)',0);
INSERT INTO "config_opts" VALUES(202,'imagemagick','Enable optional support for the ImageMagick or GraphicsMagick image converter',0);
INSERT INTO "config_opts" VALUES(203,'imap','Add support for IMAP (Internet Mail Application Protocol)',0);
INSERT INTO "config_opts" VALUES(204,'imlib','Add support for imlib, an image loading and rendering library',0);
INSERT INTO "config_opts" VALUES(205,'infiniband','Enable Infiniband RDMA transport support',0);
INSERT INTO "config_opts" VALUES(206,'inifile','Add dbm support for .ini files',0);
INSERT INTO "config_opts" VALUES(207,'inotify','Enable inotify filesystem monitoring support',0);
INSERT INTO "config_opts" VALUES(208,'introspection','Add support for GObject based introspection',0);
INSERT INTO "config_opts" VALUES(209,'iodbc','Add support for iODBC library',0);
INSERT INTO "config_opts" VALUES(210,'ios','Enable support for Apple''s iDevice with iOS operating system (iPad, iPhone, iPod, etc)',0);
INSERT INTO "config_opts" VALUES(211,'ipod','Enable support for iPod device access',0);
INSERT INTO "config_opts" VALUES(213,'iwmmxt','Add support for optimizations for ARM iwMMXt instructions',0);
INSERT INTO "config_opts" VALUES(214,'jack','Add support for the JACK Audio Connection Kit',0);
INSERT INTO "config_opts" VALUES(215,'java','Add support for Java',0);
INSERT INTO "config_opts" VALUES(216,'javascript','Enable javascript support',0);
INSERT INTO "config_opts" VALUES(217,'jbig','Enable jbig-kit support for tiff, Hylafax, ImageMagick, etc',0);
INSERT INTO "config_opts" VALUES(218,'jingle','Enable voice calls for jabber',0);
INSERT INTO "config_opts" VALUES(219,'jit','Enable just-in-time compilation for improved performance. May prevent use of some PaX memory protection features in Gentoo Hardened.',0);
INSERT INTO "config_opts" VALUES(220,'joystick','Add support for joysticks in all packages',0);
INSERT INTO "config_opts" VALUES(221,'jpeg','Add JPEG image support',0);
INSERT INTO "config_opts" VALUES(222,'jpeg2k','Support for JPEG 2000, a wavelet-based image compression format',0);
INSERT INTO "config_opts" VALUES(223,'kde','Add support for KDE (K Desktop Environment)',0);
INSERT INTO "config_opts" VALUES(225,'kolab','Add support for the Kolab groupware server',0);
INSERT INTO "config_opts" VALUES(226,'kontact','Enable support for the KDE personal information manager (kde-apps/kdepim*)',0);
INSERT INTO "config_opts" VALUES(227,'ladspa','Enable the ability to support ladspa plugins',0);
INSERT INTO "config_opts" VALUES(228,'lame','Prefer using LAME libraries for MP3 encoding support',0);
INSERT INTO "config_opts" VALUES(229,'lapack','Add support for the virtual/lapack numerical library',0);
INSERT INTO "config_opts" VALUES(230,'lash','Add LASH Audio Session Handler support',0);
INSERT INTO "config_opts" VALUES(231,'latex','Add support for LaTeX (typesetting package)',0);
INSERT INTO "config_opts" VALUES(232,'lcms','Add lcms support (color management engine)',0);
INSERT INTO "config_opts" VALUES(234,'libass','SRT/SSA/ASS (SubRip / SubStation Alpha) subtitle support',0);
INSERT INTO "config_opts" VALUES(235,'libav','Prefer libav over ffmpeg whenever both are supported',0);
INSERT INTO "config_opts" VALUES(236,'libcaca','Add support for colored ASCII-art graphics',0);
INSERT INTO "config_opts" VALUES(237,'libedit','Use the libedit library (replacement for readline)',0);
INSERT INTO "config_opts" VALUES(238,'libffi','Enable support for Foreign Function Interface library',0);
INSERT INTO "config_opts" VALUES(239,'libnotify','Enable desktop notification support',0);
INSERT INTO "config_opts" VALUES(240,'libressl','Use dev-libs/libressl as SSL provider (might need ssl USE flag), packages should not depend on this USE flag',0);
INSERT INTO "config_opts" VALUES(241,'libsamplerate','Build with support for converting sample rates using libsamplerate',0);
INSERT INTO "config_opts" VALUES(242,'libwww','Add libwww support (General purpose WEB API)',0);
INSERT INTO "config_opts" VALUES(243,'lirc','Add support for lirc (Linux''s Infra-Red Remote Control)',0);
INSERT INTO "config_opts" VALUES(244,'livecd','!!internal use only!! DO NOT SET THIS FLAG YOURSELF!, used during livecd building',0);
INSERT INTO "config_opts" VALUES(245,'lm_sensors','Add linux lm_sensors (hardware sensors) support',0);
INSERT INTO "config_opts" VALUES(246,'lua','Enable Lua scripting support',0);
INSERT INTO "config_opts" VALUES(248,'lzo','Enable support for lzo compression',0);
INSERT INTO "config_opts" VALUES(249,'m17n-lib','Enable m17n-lib support',0);
INSERT INTO "config_opts" VALUES(250,'mad','Add support for mad (high-quality mp3 decoder library and cli frontend)',0);
INSERT INTO "config_opts" VALUES(251,'maildir','Add support for maildir (~/.maildir) style mail spools',0);
INSERT INTO "config_opts" VALUES(252,'matroska','Add support for the matroska container format (extensions .mkv, .mka and .mks)',0);
INSERT INTO "config_opts" VALUES(253,'mbox','Add support for mbox (/var/spool/mail) style mail spools',0);
INSERT INTO "config_opts" VALUES(254,'memcached','Add support for memcached',0);
INSERT INTO "config_opts" VALUES(255,'memlimit','Add memory usage limiting in supporting programs',0);
INSERT INTO "config_opts" VALUES(256,'mhash','Add support for the mhash library',0);
INSERT INTO "config_opts" VALUES(257,'migemo','Enable migemo support for Japanese',0);
INSERT INTO "config_opts" VALUES(258,'mikmod','Add libmikmod support to allow playing of SoundTracker-style music files',0);
INSERT INTO "config_opts" VALUES(259,'milter','Add sendmail mail filter (milter) support',0);
INSERT INTO "config_opts" VALUES(260,'mime','Add MIME support',0);
INSERT INTO "config_opts" VALUES(262,'mmap','Add mmap (memory map) support',0);
INSERT INTO "config_opts" VALUES(263,'mms','Support for Microsoft Media Server (MMS) streams',0);
INSERT INTO "config_opts" VALUES(264,'mng','Add support for libmng (MNG images)',0);
INSERT INTO "config_opts" VALUES(265,'modplug','Add libmodplug support for playing SoundTracker-style music files',0);
INSERT INTO "config_opts" VALUES(266,'modules','Build the kernel modules',0);
INSERT INTO "config_opts" VALUES(267,'mono','Build Mono bindings to support dotnet type stuff',0);
INSERT INTO "config_opts" VALUES(268,'motif','Add support for the Motif toolkit',0);
INSERT INTO "config_opts" VALUES(269,'mozilla','Add support for the Mozilla web-browser',0);
INSERT INTO "config_opts" VALUES(270,'mp3','Add support for reading mp3 files',0);
INSERT INTO "config_opts" VALUES(271,'mp4','Support for MP4 container format',0);
INSERT INTO "config_opts" VALUES(272,'mpeg','Add libmpeg3 support to various packages',0);
INSERT INTO "config_opts" VALUES(273,'mpi','Add MPI (Message Passing Interface) layer to the apps that support it',0);
INSERT INTO "config_opts" VALUES(274,'mplayer','Enable mplayer support for playback or encoding',0);
INSERT INTO "config_opts" VALUES(275,'msn','Enable MSN Messenger IM protocol support',0);
INSERT INTO "config_opts" VALUES(276,'mssql','Add support for Microsoft SQL Server database',0);
INSERT INTO "config_opts" VALUES(277,'mtp','Enable support for Media Transfer Protocol',0);
INSERT INTO "config_opts" VALUES(278,'mule','Add multi-language support to XEmacs',0);
INSERT INTO "config_opts" VALUES(280,'musepack','Enable support for the musepack audio codec',0);
INSERT INTO "config_opts" VALUES(281,'musicbrainz','Lookup audio metadata using MusicBrainz community service (musicbrainz.org)',0);
INSERT INTO "config_opts" VALUES(282,'mysql','Add mySQL Database support',0);
INSERT INTO "config_opts" VALUES(283,'mysqli','Add support for the improved mySQL libraries',0);
INSERT INTO "config_opts" VALUES(284,'nas','Add support for network audio sound',0);
INSERT INTO "config_opts" VALUES(286,'neXt','Enable neXt toolkit',0);
INSERT INTO "config_opts" VALUES(287,'neon','Enable optimization support for ARM NEON processors',0);
INSERT INTO "config_opts" VALUES(288,'netboot','Enable network booting',0);
INSERT INTO "config_opts" VALUES(289,'netcdf','Enable NetCDF data format support',0);
INSERT INTO "config_opts" VALUES(290,'networkmanager','Enable net-misc/networkmanager support',0);
INSERT INTO "config_opts" VALUES(291,'nis','Support for NIS/YP services',0);
INSERT INTO "config_opts" VALUES(293,'nntp','Add support for newsgroups (Network News Transfer Protocol)',0);
INSERT INTO "config_opts" VALUES(294,'nocd','Install all files required to run the application without a CD mounted',0);
INSERT INTO "config_opts" VALUES(296,'nsplugin','Build plugin for browsers supporting the Netscape plugin architecture (that is almost any modern browser)',0);
INSERT INTO "config_opts" VALUES(297,'ocaml','Add support/bindings for the Ocaml language',0);
INSERT INTO "config_opts" VALUES(298,'ocamlopt','Enable ocamlopt support (ocaml native code compiler) -- Produces faster programs (Warning: you have to disable/enable it at a global scale)',0);
INSERT INTO "config_opts" VALUES(299,'oci8','Add Oracle 8 Database Support',0);
INSERT INTO "config_opts" VALUES(300,'oci8-instant-client','Use dev-db/oracle-instantclient-basic as Oracle provider instead of requiring a full Oracle server install',0);
INSERT INTO "config_opts" VALUES(301,'odbc','Add ODBC Support (Open DataBase Connectivity)',0);
INSERT INTO "config_opts" VALUES(302,'offensive','Enable potentially offensive items in packages',0);
INSERT INTO "config_opts" VALUES(303,'ofx','Enable support for importing (and exporting) OFX (Open Financial eXchange) data files',0);
INSERT INTO "config_opts" VALUES(304,'ogg','Add support for the Ogg container format (commonly used by Vorbis, Theora and flac)',0);
INSERT INTO "config_opts" VALUES(305,'openal','Add support for the Open Audio Library',0);
INSERT INTO "config_opts" VALUES(306,'openexr','Support for the OpenEXR graphics file format',0);
INSERT INTO "config_opts" VALUES(307,'opengl','Add support for OpenGL (3D graphics)',0);
INSERT INTO "config_opts" VALUES(308,'openmp','Build support for the OpenMP (support parallel computing), requires >=sys-devel/gcc-4.2 built with USE="openmp"',0);
INSERT INTO "config_opts" VALUES(309,'oracle','Enable Oracle Database support',0);
INSERT INTO "config_opts" VALUES(310,'orc','Use dev-lang/orc for just-in-time optimization of array operations',0);
INSERT INTO "config_opts" VALUES(311,'osc','Enable support for Open Sound Control',0);
INSERT INTO "config_opts" VALUES(312,'oscar','Enable Oscar (AIM/ICQ) IM protocol support',0);
INSERT INTO "config_opts" VALUES(313,'oss','Add support for OSS (Open Sound System)',0);
INSERT INTO "config_opts" VALUES(315,'pch','Enable precompiled header support for faster compilation at the expense of disk space and memory (>=sys-devel/gcc-3.4 only)',0);
INSERT INTO "config_opts" VALUES(316,'pcmcia','Add support for PCMCIA slots/devices found on laptop computers',0);
INSERT INTO "config_opts" VALUES(317,'pcntl','Add support for process creation functions',0);
INSERT INTO "config_opts" VALUES(319,'pda','Add support for portable devices',0);
INSERT INTO "config_opts" VALUES(320,'pdf','Add general support for PDF (Portable Document Format), this replaces the pdflib and cpdflib flags',0);
INSERT INTO "config_opts" VALUES(321,'perl','Add optional support/bindings for the Perl language',0);
INSERT INTO "config_opts" VALUES(322,'php','Include support for the PHP language',0);
INSERT INTO "config_opts" VALUES(324,'plasma','Build optional KDE plasma addons',0);
INSERT INTO "config_opts" VALUES(325,'plotutils','Add support for plotutils (library for 2-D vector graphics)',0);
INSERT INTO "config_opts" VALUES(326,'png','Add support for libpng (PNG images)',0);
INSERT INTO "config_opts" VALUES(327,'policykit','Enable PolicyKit authentication support',0);
INSERT INTO "config_opts" VALUES(328,'portaudio','Add support for the crossplatform portaudio audio API',0);
INSERT INTO "config_opts" VALUES(329,'posix','Add support for POSIX-compatible functions',0);
INSERT INTO "config_opts" VALUES(330,'postgres','Add support for the postgresql database',0);
INSERT INTO "config_opts" VALUES(331,'postscript','Enable support for the PostScript language (often with ghostscript-gpl or libspectre)',0);
INSERT INTO "config_opts" VALUES(332,'ppds','Add support for automatically generated ppd (printing driver) files',0);
INSERT INTO "config_opts" VALUES(333,'prefix','Defines if a Gentoo Prefix offset installation is used',0);
INSERT INTO "config_opts" VALUES(334,'prelude','Add support/bindings for the Prelude Intrusion Detection System',0);
INSERT INTO "config_opts" VALUES(335,'profile','Add support for software performance analysis (will likely vary from ebuild to ebuild)',0);
INSERT INTO "config_opts" VALUES(336,'pulseaudio','Add support for PulseAudio sound server',0);
INSERT INTO "config_opts" VALUES(338,'qdbm','Add support for the qdbm (Quick Database Manager) library',0);
INSERT INTO "config_opts" VALUES(339,'qmail-spp','Add support for qmail SMTP plugins',0);
INSERT INTO "config_opts" VALUES(340,'qt4','Add support for the Qt GUI/Application Toolkit version 4.x',0);
INSERT INTO "config_opts" VALUES(341,'qt5','Add support for the Qt 5 application and UI framework',0);
INSERT INTO "config_opts" VALUES(342,'quicktime','Add support for OpenQuickTime',0);
INSERT INTO "config_opts" VALUES(343,'radius','Add support for RADIUS authentication',0);
INSERT INTO "config_opts" VALUES(344,'raw','Add support for raw image formats',0);
INSERT INTO "config_opts" VALUES(345,'rdp','Enables RDP/Remote Desktop support',0);
INSERT INTO "config_opts" VALUES(347,'recode','Enable support for the GNU recode library',0);
INSERT INTO "config_opts" VALUES(348,'rss','Enable support for RSS feeds',0);
INSERT INTO "config_opts" VALUES(349,'ruby','Add support/bindings for the Ruby language',0);
INSERT INTO "config_opts" VALUES(350,'samba','Add support for SAMBA (Windows File and Printer sharing)',0);
INSERT INTO "config_opts" VALUES(351,'sasl','Add support for the Simple Authentication and Security Layer',0);
INSERT INTO "config_opts" VALUES(352,'savedconfig','Use this to restore your config from /etc/portage/savedconfig ${CATEGORY}/${PN}. Make sure your USE flags allow for appropriate dependencies',0);
INSERT INTO "config_opts" VALUES(353,'scanner','Add support for scanner hardware (e.g. build the sane frontend in kdegraphics)',0);
INSERT INTO "config_opts" VALUES(354,'sctp','Support for Stream Control Transmission Protocol',0);
INSERT INTO "config_opts" VALUES(355,'sdl','Add support for Simple Direct Layer (media library)',0);
INSERT INTO "config_opts" VALUES(356,'seamonkey','Add support for the Seamonkey web-browser',0);
INSERT INTO "config_opts" VALUES(357,'seccomp','Enable seccomp (secure computing mode) to perform system call filtering at runtime to increase security of programs',0);
INSERT INTO "config_opts" VALUES(358,'selinux','!!internal use only!! Security Enhanced Linux support, this must be set by the selinux profile or breakage will occur',0);
INSERT INTO "config_opts" VALUES(359,'semantic-desktop','Cross-KDE support for semantic search and information retrieval',0);
INSERT INTO "config_opts" VALUES(360,'session','Add persistent session support',0);
INSERT INTO "config_opts" VALUES(361,'sharedmem','Add support for shared memory use',0);
INSERT INTO "config_opts" VALUES(362,'shorten','Add support for the shorten audio compressor',0);
INSERT INTO "config_opts" VALUES(363,'simplexml','Support for SimpleXML',0);
INSERT INTO "config_opts" VALUES(364,'skey','Enable S/Key (Single use password) authentication support',0);
INSERT INTO "config_opts" VALUES(365,'slang','Add support for the slang text display library (it''s like ncurses, but different)',0);
INSERT INTO "config_opts" VALUES(366,'slp','Add Service Locator Protocol support',0);
INSERT INTO "config_opts" VALUES(367,'smartcard','Enable smartcard support',0);
INSERT INTO "config_opts" VALUES(368,'smp','Enable support for multiprocessors or multicore systems',0);
INSERT INTO "config_opts" VALUES(369,'sndfile','Add support for libsndfile',0);
INSERT INTO "config_opts" VALUES(370,'snmp','Add support for the Simple Network Management Protocol if available',0);
INSERT INTO "config_opts" VALUES(371,'soap','Add support for SOAP (Simple Object Access Protocol)',0);
INSERT INTO "config_opts" VALUES(372,'sockets','Add support for tcp/ip sockets',0);
INSERT INTO "config_opts" VALUES(373,'socks5','Add support for the socks5 proxy',0);
INSERT INTO "config_opts" VALUES(374,'sound','Enable sound support',0);
INSERT INTO "config_opts" VALUES(375,'source','Zip the sources and install them',0);
INSERT INTO "config_opts" VALUES(376,'sox','Add support for Sound eXchange (SoX)',0);
INSERT INTO "config_opts" VALUES(377,'speex','Add support for the speex audio codec (used for speech)',0);
INSERT INTO "config_opts" VALUES(378,'spell','Add dictionary support',0);
INSERT INTO "config_opts" VALUES(379,'sqlite','Add support for sqlite - embedded sql database',0);
INSERT INTO "config_opts" VALUES(381,'startup-notification','Enable application startup event feedback mechanism',0);
INSERT INTO "config_opts" VALUES(382,'static','!!do not set this during bootstrap!! Causes binaries to be statically linked instead of dynamically',0);
INSERT INTO "config_opts" VALUES(384,'subversion','Enable subversion (version control system) support',0);
INSERT INTO "config_opts" VALUES(385,'suid','Enable setuid root program, with potential security risks',0);
INSERT INTO "config_opts" VALUES(386,'svg','Add support for SVG (Scalable Vector Graphics)',0);
INSERT INTO "config_opts" VALUES(387,'svga','Add support for SVGAlib (graphics library)',0);
INSERT INTO "config_opts" VALUES(388,'sybase','Add support for the Sybase SQL Database Server',0);
INSERT INTO "config_opts" VALUES(389,'sybase-ct','Add support for Sybase-CT',0);
INSERT INTO "config_opts" VALUES(390,'symlink','Force kernel ebuilds to automatically update the /usr/src/linux symlink',0);
INSERT INTO "config_opts" VALUES(391,'syslog','Enable support for syslog',0);
INSERT INTO "config_opts" VALUES(393,'sysvipc','Support for System V-compatible inter-process communication',0);
INSERT INTO "config_opts" VALUES(394,'szip','Use the szip compression library',0);
INSERT INTO "config_opts" VALUES(395,'taglib','Enable tagging support with taglib',0);
INSERT INTO "config_opts" VALUES(396,'tcl','Add support the Tcl language',0);
INSERT INTO "config_opts" VALUES(397,'tcmalloc','Use the dev-util/google-perftools libraries to replace the malloc() implementation with a possibly faster one',0);
INSERT INTO "config_opts" VALUES(398,'tcpd','Add support for TCP wrappers',0);
INSERT INTO "config_opts" VALUES(399,'test','Workaround to pull in packages needed to run with FEATURES=test. Portage-2.1.2 handles this internally, so don''t set it in make.conf/package.use anymore',0);
INSERT INTO "config_opts" VALUES(400,'theora','Add support for the Theora Video Compression Codec',0);
INSERT INTO "config_opts" VALUES(402,'tidy','Add support for HTML Tidy',0);
INSERT INTO "config_opts" VALUES(403,'tiff','Add support for the TIFF image format',0);
INSERT INTO "config_opts" VALUES(404,'timidity','Build with Timidity++ (MIDI sequencer) support',0);
INSERT INTO "config_opts" VALUES(405,'tk','Add support for Tk GUI toolkit',0);
INSERT INTO "config_opts" VALUES(406,'tokenizer','Add support for the PHP file parser',0);
INSERT INTO "config_opts" VALUES(407,'truetype','Add support for FreeType and/or FreeType2 fonts',0);
INSERT INTO "config_opts" VALUES(408,'uclibc','Enable uclibc specific patches and build or link uclibc',0);
INSERT INTO "config_opts" VALUES(409,'udev','Enable virtual/udev integration (device discovery, power and storage device support, etc)',0);
INSERT INTO "config_opts" VALUES(410,'udisks','Enable storage management support (automounting, volume monitoring, etc)',0);
INSERT INTO "config_opts" VALUES(412,'upnp','Enable UPnP port mapping support',0);
INSERT INTO "config_opts" VALUES(413,'upnp-av','Enable UPnP audio/video streaming support',0);
INSERT INTO "config_opts" VALUES(414,'upower','Enable power management support',0);
INSERT INTO "config_opts" VALUES(415,'usb','Add USB support to applications that have optional USB support (e.g. cups)',0);
INSERT INTO "config_opts" VALUES(416,'v4l','Enable support for video4linux (using linux-headers or userspace libv4l libraries)',0);
INSERT INTO "config_opts" VALUES(417,'vaapi','Enable Video Acceleration API for hardware decoding',0);
INSERT INTO "config_opts" VALUES(418,'vala','Enable bindings for dev-lang/vala',0);
INSERT INTO "config_opts" VALUES(419,'vanilla','Do not add extra patches which change default behaviour; DO NOT USE THIS ON A GLOBAL SCALE as the severity of the meaning changes drastically',0);
INSERT INTO "config_opts" VALUES(420,'vcd','Video CD support',0);
INSERT INTO "config_opts" VALUES(421,'vdpau','Enable the Video Decode and Presentation API for Unix acceleration interface',0);
INSERT INTO "config_opts" VALUES(422,'vhosts','Add support for installing web-based applications into a virtual-hosting environment',0);
INSERT INTO "config_opts" VALUES(423,'videos','Install optional video files (used in some games)',0);
INSERT INTO "config_opts" VALUES(424,'vim-syntax','Pulls in related vim syntax scripts',0);
INSERT INTO "config_opts" VALUES(425,'vnc','Enable VNC (remote desktop viewer) support',0);
INSERT INTO "config_opts" VALUES(426,'vorbis','Add support for the OggVorbis audio codec',0);
INSERT INTO "config_opts" VALUES(427,'wayland','Enable dev-libs/wayland backend',0);
INSERT INTO "config_opts" VALUES(428,'wavpack','Add support for wavpack audio compression tools',0);
INSERT INTO "config_opts" VALUES(429,'wddx','Add support for Web Distributed Data eXchange',0);
INSERT INTO "config_opts" VALUES(430,'webkit','Add support for the WebKit HTML rendering/layout engine',0);
INSERT INTO "config_opts" VALUES(431,'webp','Add support for the WebP image format',0);
INSERT INTO "config_opts" VALUES(432,'wifi','Enable wireless network functions',0);
INSERT INTO "config_opts" VALUES(433,'wmf','Add support for the Windows Metafile vector image format',0);
INSERT INTO "config_opts" VALUES(434,'wxwidgets','Add support for wxWidgets/wxGTK GUI toolkit',0);
INSERT INTO "config_opts" VALUES(435,'x264','Enable h264 encoding using x264',0);
INSERT INTO "config_opts" VALUES(436,'xattr','Add support for extended attributes (filesystem-stored metadata)',0);
INSERT INTO "config_opts" VALUES(437,'xcb','Support the X C-language Binding, a replacement for Xlib',0);
INSERT INTO "config_opts" VALUES(438,'xcomposite','Enable support for the Xorg composite extension',0);
INSERT INTO "config_opts" VALUES(439,'xemacs','Add support for XEmacs',0);
INSERT INTO "config_opts" VALUES(440,'xface','Add xface support used to allow a small image of xface format to be included in an email via the header ''X-Face''',0);
INSERT INTO "config_opts" VALUES(441,'xft','Build with support for XFT font renderer (x11-libs/libXft)',0);
INSERT INTO "config_opts" VALUES(442,'xine','Add support for the XINE movie libraries',0);
INSERT INTO "config_opts" VALUES(443,'xinerama','Add support for the xinerama X11 extension, which is mandatory if you work in multiple monitors setup',0);
INSERT INTO "config_opts" VALUES(444,'xinetd','Add support for the xinetd super-server',0);
INSERT INTO "config_opts" VALUES(445,'xml','Add support for XML files',0);
INSERT INTO "config_opts" VALUES(446,'xmlrpc','Support for xml-rpc library',0);
INSERT INTO "config_opts" VALUES(447,'xmp','Enable support for Extensible Metadata Platform (Adobe XMP)',0);
INSERT INTO "config_opts" VALUES(448,'xmpp','Enable support for Extensible Messaging and Presence Protocol (XMPP) formerly known as Jabber',0);
INSERT INTO "config_opts" VALUES(449,'xosd','Sends display using the X On Screen Display library',0);
INSERT INTO "config_opts" VALUES(450,'xpm','Add support for XPM graphics format',0);
INSERT INTO "config_opts" VALUES(451,'xscreensaver','Add support for XScreenSaver extension',0);
INSERT INTO "config_opts" VALUES(452,'xv','Add in optional support for the Xvideo extension (an X API for video playback)',0);
INSERT INTO "config_opts" VALUES(453,'xvid','Add support for xvid.org''s open-source mpeg-4 codec',0);
INSERT INTO "config_opts" VALUES(454,'yahoo','Enable Yahoo Messenger IM protocol support',0);
INSERT INTO "config_opts" VALUES(455,'yaz','Add in optional support for the Z39.50 Protocol for Information Retrieval (YAZ)',0);
INSERT INTO "config_opts" VALUES(456,'zeroconf','Support for DNS Service Discovery (DNS-SD)',0);
INSERT INTO "config_opts" VALUES(458,'zsh-completion','Enable zsh completion support',0);
INSERT INTO "config_opts" VALUES(459,'tinfo',NULL,0);
INSERT INTO "config_opts" VALUES(460,'trace',NULL,0);
INSERT INTO "config_opts" VALUES(461,'lz4',NULL,0);
INSERT INTO "config_opts" VALUES(462,'iptables',NULL,0);
INSERT INTO "config_opts" VALUES(463,'pcre16',NULL,0);
INSERT INTO "config_opts" VALUES(464,'pcre32',NULL,0);
INSERT INTO "config_opts" VALUES(465,'kdbus',NULL,0);
INSERT INTO "config_opts" VALUES(466,'elfutils',NULL,0);
INSERT INTO "config_opts" VALUES(467,'gnuefi',NULL,0);
INSERT INTO "config_opts" VALUES(468,'qrcode',NULL,0);
INSERT INTO "config_opts" VALUES(469,'pci',NULL,0);
INSERT INTO "config_opts" VALUES(470,'magic',NULL,0);
CREATE TABLE set_pkgs (id INTEGER PRIMARY KEY AUTOINCREMENT, set_id INTEGER REFERENCES sets (id), pkg_id INTEGER REFERENCES package (id));
INSERT INTO "set_pkgs" VALUES(1,1,12);
INSERT INTO "set_pkgs" VALUES(2,1,51);
INSERT INTO "set_pkgs" VALUES(3,1,39);
INSERT INTO "set_pkgs" VALUES(4,1,60);
INSERT INTO "set_pkgs" VALUES(5,1,27);
INSERT INTO "set_pkgs" VALUES(6,1,67);
INSERT INTO "set_pkgs" VALUES(7,1,37);
INSERT INTO "set_pkgs" VALUES(8,1,38);
INSERT INTO "set_pkgs" VALUES(9,1,29);
INSERT INTO "set_pkgs" VALUES(10,1,45);
INSERT INTO "set_pkgs" VALUES(11,1,46);
INSERT INTO "set_pkgs" VALUES(12,1,6);
INSERT INTO "set_pkgs" VALUES(13,1,48);
INSERT INTO "set_pkgs" VALUES(14,1,47);
INSERT INTO "set_pkgs" VALUES(15,1,25);
INSERT INTO "set_pkgs" VALUES(16,1,50);
INSERT INTO "set_pkgs" VALUES(17,1,68);
INSERT INTO "set_pkgs" VALUES(18,1,18);
INSERT INTO "set_pkgs" VALUES(19,1,7);
INSERT INTO "set_pkgs" VALUES(20,1,23);
INSERT INTO "set_pkgs" VALUES(21,1,24);
INSERT INTO "set_pkgs" VALUES(22,1,11);
INSERT INTO "set_pkgs" VALUES(23,1,41);
INSERT INTO "set_pkgs" VALUES(24,1,53);
INSERT INTO "set_pkgs" VALUES(25,1,55);
INSERT INTO "set_pkgs" VALUES(26,1,56);
INSERT INTO "set_pkgs" VALUES(27,1,43);
INSERT INTO "set_pkgs" VALUES(28,1,3);
INSERT INTO "set_pkgs" VALUES(29,1,1);
INSERT INTO "set_pkgs" VALUES(30,1,20);
INSERT INTO "set_pkgs" VALUES(31,1,13);
INSERT INTO "set_pkgs" VALUES(32,1,19);
INSERT INTO "set_pkgs" VALUES(33,1,65);
INSERT INTO "set_pkgs" VALUES(34,1,40);
INSERT INTO "set_pkgs" VALUES(35,1,44);
INSERT INTO "set_pkgs" VALUES(36,1,42);
INSERT INTO "set_pkgs" VALUES(37,1,2);
INSERT INTO "set_pkgs" VALUES(38,1,59);
INSERT INTO "set_pkgs" VALUES(39,1,69);
INSERT INTO "set_pkgs" VALUES(40,1,52);
INSERT INTO "set_pkgs" VALUES(41,1,66);
INSERT INTO "set_pkgs" VALUES(42,1,58);
INSERT INTO "set_pkgs" VALUES(43,1,91);
CREATE TABLE pkg_opts (id INTEGER PRIMARY KEY AUTOINCREMENT, pkg_id INTEGER REFERENCES package_meta (id), opt_id INTEGER REFERENCES config_opts (id), "default" BOOLEAN DEFAULT (0), opt_alias_id INTEGER REFERENCES config_aliases (id));
INSERT INTO "pkg_opts" VALUES(1,4,1,0,NULL);
INSERT INTO "pkg_opts" VALUES(3,13,2,0,NULL);
INSERT INTO "pkg_opts" VALUES(4,42,5,1,1);
INSERT INTO "pkg_opts" VALUES(5,42,2,0,1);
INSERT INTO "pkg_opts" VALUES(6,42,6,1,1);
INSERT INTO "pkg_opts" VALUES(7,61,7,1,NULL);
INSERT INTO "pkg_opts" VALUES(8,61,5,1,NULL);
INSERT INTO "pkg_opts" VALUES(10,61,8,1,NULL);
INSERT INTO "pkg_opts" VALUES(12,30,5,1,NULL);
INSERT INTO "pkg_opts" VALUES(13,30,10,1,NULL);
INSERT INTO "pkg_opts" VALUES(14,30,11,0,NULL);
INSERT INTO "pkg_opts" VALUES(15,30,13,0,NULL);
INSERT INTO "pkg_opts" VALUES(16,46,7,0,NULL);
INSERT INTO "pkg_opts" VALUES(17,46,14,0,NULL);
INSERT INTO "pkg_opts" VALUES(18,46,15,0,NULL);
INSERT INTO "pkg_opts" VALUES(19,46,8,0,NULL);
INSERT INTO "pkg_opts" VALUES(20,46,5,0,NULL);
INSERT INTO "pkg_opts" VALUES(21,46,16,0,NULL);
INSERT INTO "pkg_opts" VALUES(22,47,5,0,NULL);
INSERT INTO "pkg_opts" VALUES(23,5,17,0,NULL);
INSERT INTO "pkg_opts" VALUES(24,5,18,0,NULL);
INSERT INTO "pkg_opts" VALUES(25,5,2,0,NULL);
INSERT INTO "pkg_opts" VALUES(27,48,5,0,NULL);
INSERT INTO "pkg_opts" VALUES(28,48,10,0,NULL);
INSERT INTO "pkg_opts" VALUES(29,48,19,0,NULL);
INSERT INTO "pkg_opts" VALUES(30,21,5,0,NULL);
INSERT INTO "pkg_opts" VALUES(31,21,20,0,NULL);
INSERT INTO "pkg_opts" VALUES(32,51,20,0,NULL);
INSERT INTO "pkg_opts" VALUES(33,51,21,0,NULL);
INSERT INTO "pkg_opts" VALUES(34,19,7,0,NULL);
INSERT INTO "pkg_opts" VALUES(35,19,5,0,NULL);
INSERT INTO "pkg_opts" VALUES(37,6,5,0,NULL);
INSERT INTO "pkg_opts" VALUES(38,6,22,0,NULL);
INSERT INTO "pkg_opts" VALUES(39,6,2,0,NULL);
INSERT INTO "pkg_opts" VALUES(40,27,5,0,NULL);
INSERT INTO "pkg_opts" VALUES(41,28,5,0,NULL);
INSERT INTO "pkg_opts" VALUES(42,10,5,0,NULL);
INSERT INTO "pkg_opts" VALUES(43,10,22,1,NULL);
INSERT INTO "pkg_opts" VALUES(44,10,23,0,NULL);
INSERT INTO "pkg_opts" VALUES(45,10,24,0,NULL);
INSERT INTO "pkg_opts" VALUES(46,10,25,0,NULL);
INSERT INTO "pkg_opts" VALUES(48,10,27,0,NULL);
INSERT INTO "pkg_opts" VALUES(49,10,28,0,NULL);
INSERT INTO "pkg_opts" VALUES(50,10,29,0,NULL);
INSERT INTO "pkg_opts" VALUES(51,10,30,0,NULL);
INSERT INTO "pkg_opts" VALUES(52,10,31,0,NULL);
INSERT INTO "pkg_opts" VALUES(53,10,32,0,NULL);
INSERT INTO "pkg_opts" VALUES(54,10,33,0,NULL);
INSERT INTO "pkg_opts" VALUES(55,10,35,0,NULL);
INSERT INTO "pkg_opts" VALUES(57,10,37,0,NULL);
INSERT INTO "pkg_opts" VALUES(58,10,39,0,NULL);
INSERT INTO "pkg_opts" VALUES(59,43,7,1,NULL);
INSERT INTO "pkg_opts" VALUES(61,43,40,1,NULL);
INSERT INTO "pkg_opts" VALUES(62,43,5,1,NULL);
INSERT INTO "pkg_opts" VALUES(63,43,39,0,NULL);
INSERT INTO "pkg_opts" VALUES(64,43,2,0,NULL);
INSERT INTO "pkg_opts" VALUES(65,56,5,0,NULL);
INSERT INTO "pkg_opts" VALUES(66,57,8,0,NULL);
INSERT INTO "pkg_opts" VALUES(67,20,7,0,NULL);
INSERT INTO "pkg_opts" VALUES(68,20,5,0,NULL);
INSERT INTO "pkg_opts" VALUES(69,20,41,0,NULL);
INSERT INTO "pkg_opts" VALUES(70,20,42,0,NULL);
INSERT INTO "pkg_opts" VALUES(71,20,8,0,NULL);
INSERT INTO "pkg_opts" VALUES(72,49,5,0,NULL);
INSERT INTO "pkg_opts" VALUES(73,6,18,0,NULL);
INSERT INTO "pkg_opts" VALUES(75,66,10,0,NULL);
INSERT INTO "pkg_opts" VALUES(76,66,2,0,NULL);
INSERT INTO "pkg_opts" VALUES(77,65,43,0,NULL);
INSERT INTO "pkg_opts" VALUES(78,65,44,0,NULL);
INSERT INTO "pkg_opts" VALUES(79,56,45,0,NULL);
INSERT INTO "pkg_opts" VALUES(83,37,46,0,NULL);
INSERT INTO "pkg_opts" VALUES(87,37,47,1,NULL);
INSERT INTO "pkg_opts" VALUES(88,64,18,0,NULL);
INSERT INTO "pkg_opts" VALUES(89,65,48,0,NULL);
INSERT INTO "pkg_opts" VALUES(90,65,49,0,NULL);
INSERT INTO "pkg_opts" VALUES(91,65,50,0,NULL);
INSERT INTO "pkg_opts" VALUES(92,65,51,0,NULL);
INSERT INTO "pkg_opts" VALUES(93,65,52,0,NULL);
INSERT INTO "pkg_opts" VALUES(94,65,53,0,NULL);
INSERT INTO "pkg_opts" VALUES(95,65,2,0,NULL);
INSERT INTO "pkg_opts" VALUES(96,65,6,0,NULL);
INSERT INTO "pkg_opts" VALUES(97,65,54,0,NULL);
INSERT INTO "pkg_opts" VALUES(98,65,55,0,NULL);
INSERT INTO "pkg_opts" VALUES(99,16,2,0,NULL);
INSERT INTO "pkg_opts" VALUES(100,16,5,0,NULL);
INSERT INTO "pkg_opts" VALUES(101,17,5,0,NULL);
INSERT INTO "pkg_opts" VALUES(102,17,2,0,NULL);
INSERT INTO "pkg_opts" VALUES(103,22,17,0,NULL);
INSERT INTO "pkg_opts" VALUES(104,22,18,0,NULL);
INSERT INTO "pkg_opts" VALUES(105,23,7,0,NULL);
INSERT INTO "pkg_opts" VALUES(106,23,56,0,NULL);
INSERT INTO "pkg_opts" VALUES(107,23,57,0,NULL);
INSERT INTO "pkg_opts" VALUES(108,23,44,0,NULL);
INSERT INTO "pkg_opts" VALUES(109,23,58,1,NULL);
INSERT INTO "pkg_opts" VALUES(110,23,59,0,NULL);
INSERT INTO "pkg_opts" VALUES(111,23,60,0,NULL);
INSERT INTO "pkg_opts" VALUES(112,23,42,0,NULL);
INSERT INTO "pkg_opts" VALUES(116,52,54,0,NULL);
INSERT INTO "pkg_opts" VALUES(117,53,5,0,NULL);
INSERT INTO "pkg_opts" VALUES(118,53,42,0,NULL);
INSERT INTO "pkg_opts" VALUES(119,58,2,0,NULL);
INSERT INTO "pkg_opts" VALUES(120,58,62,0,NULL);
INSERT INTO "pkg_opts" VALUES(121,59,40,0,NULL);
INSERT INTO "pkg_opts" VALUES(122,59,5,0,NULL);
INSERT INTO "pkg_opts" VALUES(123,59,42,0,NULL);
INSERT INTO "pkg_opts" VALUES(124,59,17,0,NULL);
INSERT INTO "pkg_opts" VALUES(125,59,10,1,NULL);
INSERT INTO "pkg_opts" VALUES(126,59,2,0,NULL);
INSERT INTO "pkg_opts" VALUES(127,59,62,0,NULL);
INSERT INTO "pkg_opts" VALUES(128,59,21,0,NULL);
INSERT INTO "pkg_opts" VALUES(129,59,14,0,NULL);
INSERT INTO "pkg_opts" VALUES(130,60,46,0,NULL);
INSERT INTO "pkg_opts" VALUES(131,60,47,1,NULL);
INSERT INTO "pkg_opts" VALUES(132,60,5,0,NULL);
INSERT INTO "pkg_opts" VALUES(133,60,2,0,NULL);
INSERT INTO "pkg_opts" VALUES(134,60,18,0,NULL);
INSERT INTO "pkg_opts" VALUES(135,62,5,0,NULL);
INSERT INTO "pkg_opts" VALUES(136,31,10,0,NULL);
INSERT INTO "pkg_opts" VALUES(137,45,5,0,NULL);
INSERT INTO "pkg_opts" VALUES(138,45,2,0,NULL);
INSERT INTO "pkg_opts" VALUES(139,3,14,0,NULL);
INSERT INTO "pkg_opts" VALUES(140,4,2,0,NULL);
INSERT INTO "pkg_opts" VALUES(141,15,2,0,NULL);
INSERT INTO "pkg_opts" VALUES(142,15,6,0,NULL);
INSERT INTO "pkg_opts" VALUES(143,15,21,0,NULL);
INSERT INTO "pkg_opts" VALUES(144,18,2,0,NULL);
INSERT INTO "pkg_opts" VALUES(145,29,2,0,NULL);
INSERT INTO "pkg_opts" VALUES(146,33,46,0,NULL);
INSERT INTO "pkg_opts" VALUES(147,33,5,0,NULL);
INSERT INTO "pkg_opts" VALUES(148,33,2,0,NULL);
INSERT INTO "pkg_opts" VALUES(149,24,54,0,NULL);
INSERT INTO "pkg_opts" VALUES(150,24,5,0,NULL);
INSERT INTO "pkg_opts" VALUES(151,44,40,1,NULL);
INSERT INTO "pkg_opts" VALUES(152,44,5,0,NULL);
INSERT INTO "pkg_opts" VALUES(153,44,2,0,NULL);
INSERT INTO "pkg_opts" VALUES(154,44,62,0,NULL);
INSERT INTO "pkg_opts" VALUES(155,44,21,0,NULL);
INSERT INTO "pkg_opts" VALUES(156,68,54,0,NULL);
INSERT INTO "pkg_opts" VALUES(157,68,5,0,NULL);
INSERT INTO "pkg_opts" VALUES(158,69,14,0,NULL);
INSERT INTO "pkg_opts" VALUES(159,69,63,0,NULL);
INSERT INTO "pkg_opts" VALUES(160,69,44,0,NULL);
INSERT INTO "pkg_opts" VALUES(161,69,54,0,NULL);
INSERT INTO "pkg_opts" VALUES(162,69,55,0,NULL);
INSERT INTO "pkg_opts" VALUES(163,70,44,0,NULL);
INSERT INTO "pkg_opts" VALUES(164,70,54,0,NULL);
INSERT INTO "pkg_opts" VALUES(165,70,5,0,NULL);
INSERT INTO "pkg_opts" VALUES(166,70,55,1,NULL);
INSERT INTO "pkg_opts" VALUES(167,70,18,0,NULL);
INSERT INTO "pkg_opts" VALUES(168,70,20,0,NULL);
INSERT INTO "pkg_opts" VALUES(169,71,42,0,NULL);
INSERT INTO "pkg_opts" VALUES(170,71,55,1,NULL);
INSERT INTO "pkg_opts" VALUES(171,71,43,0,NULL);
INSERT INTO "pkg_opts" VALUES(172,35,21,0,NULL);
INSERT INTO "pkg_opts" VALUES(173,35,2,0,NULL);
INSERT INTO "pkg_opts" VALUES(174,15,22,1,NULL);
INSERT INTO "pkg_opts" VALUES(179,54,4,0,NULL);
INSERT INTO "pkg_opts" VALUES(180,73,2,0,NULL);
INSERT INTO "pkg_opts" VALUES(181,23,461,1,NULL);
INSERT INTO "pkg_opts" VALUES(182,15,459,0,NULL);
INSERT INTO "pkg_opts" VALUES(183,15,460,0,NULL);
INSERT INTO "pkg_opts" VALUES(184,74,5,0,NULL);
INSERT INTO "pkg_opts" VALUES(185,74,18,0,NULL);
INSERT INTO "pkg_opts" VALUES(186,74,17,0,NULL);
INSERT INTO "pkg_opts" VALUES(187,74,2,0,NULL);
INSERT INTO "pkg_opts" VALUES(188,11,5,0,NULL);
INSERT INTO "pkg_opts" VALUES(189,68,291,0,NULL);
INSERT INTO "pkg_opts" VALUES(190,77,46,0,NULL);
INSERT INTO "pkg_opts" VALUES(191,77,41,0,NULL);
INSERT INTO "pkg_opts" VALUES(192,77,154,0,NULL);
INSERT INTO "pkg_opts" VALUES(193,77,5,0,NULL);
INSERT INTO "pkg_opts" VALUES(194,77,33,0,NULL);
INSERT INTO "pkg_opts" VALUES(195,77,291,0,NULL);
INSERT INTO "pkg_opts" VALUES(196,78,22,0,NULL);
INSERT INTO "pkg_opts" VALUES(197,78,396,0,NULL);
INSERT INTO "pkg_opts" VALUES(198,79,54,0,NULL);
INSERT INTO "pkg_opts" VALUES(199,79,50,0,NULL);
INSERT INTO "pkg_opts" VALUES(200,79,2,0,NULL);
INSERT INTO "pkg_opts" VALUES(201,18,42,0,NULL);
INSERT INTO "pkg_opts" VALUES(202,23,60,0,NULL);
INSERT INTO "pkg_opts" VALUES(203,52,462,0,NULL);
INSERT INTO "pkg_opts" VALUES(204,22,59,0,NULL);
INSERT INTO "pkg_opts" VALUES(205,22,2,0,NULL);
INSERT INTO "pkg_opts" VALUES(206,81,54,0,NULL);
INSERT INTO "pkg_opts" VALUES(207,81,2,0,NULL);
INSERT INTO "pkg_opts" VALUES(209,82,99,0,NULL);
INSERT INTO "pkg_opts" VALUES(210,82,22,1,NULL);
INSERT INTO "pkg_opts" VALUES(211,82,463,0,NULL);
INSERT INTO "pkg_opts" VALUES(212,82,10,1,NULL);
INSERT INTO "pkg_opts" VALUES(213,82,2,0,NULL);
INSERT INTO "pkg_opts" VALUES(214,82,21,0,NULL);
INSERT INTO "pkg_opts" VALUES(215,82,18,0,NULL);
INSERT INTO "pkg_opts" VALUES(216,82,464,0,NULL);
INSERT INTO "pkg_opts" VALUES(217,23,357,1,NULL);
INSERT INTO "pkg_opts" VALUES(218,84,2,0,NULL);
INSERT INTO "pkg_opts" VALUES(219,85,357,0,NULL);
INSERT INTO "pkg_opts" VALUES(220,85,14,0,NULL);
INSERT INTO "pkg_opts" VALUES(221,85,17,0,NULL);
INSERT INTO "pkg_opts" VALUES(222,46,15,0,NULL);
INSERT INTO "pkg_opts" VALUES(223,64,15,0,NULL);
INSERT INTO "pkg_opts" VALUES(224,64,215,0,NULL);
INSERT INTO "pkg_opts" VALUES(225,64,2,0,NULL);
INSERT INTO "pkg_opts" VALUES(226,23,465,0,NULL);
INSERT INTO "pkg_opts" VALUES(227,23,56,0,NULL);
INSERT INTO "pkg_opts" VALUES(228,23,466,0,NULL);
INSERT INTO "pkg_opts" VALUES(229,23,63,1,NULL);
INSERT INTO "pkg_opts" VALUES(230,23,467,0,NULL);
INSERT INTO "pkg_opts" VALUES(231,23,327,0,NULL);
INSERT INTO "pkg_opts" VALUES(232,23,468,0,NULL);
INSERT INTO "pkg_opts" VALUES(233,23,55,0,NULL);
INSERT INTO "pkg_opts" VALUES(234,23,61,0,NULL);
INSERT INTO "pkg_opts" VALUES(235,87,12,0,NULL);
INSERT INTO "pkg_opts" VALUES(236,87,409,0,NULL);
INSERT INTO "pkg_opts" VALUES(237,87,415,0,NULL);
INSERT INTO "pkg_opts" VALUES(238,87,469,0,NULL);
INSERT INTO "pkg_opts" VALUES(239,91,41,0,NULL);
INSERT INTO "pkg_opts" VALUES(241,91,9,0,NULL);
INSERT INTO "pkg_opts" VALUES(242,91,62,0,NULL);
INSERT INTO "pkg_opts" VALUES(243,92,54,0,NULL);
INSERT INTO "pkg_opts" VALUES(244,92,10,0,NULL);
INSERT INTO "pkg_opts" VALUES(245,92,199,0,NULL);
INSERT INTO "pkg_opts" VALUES(246,92,59,0,NULL);
INSERT INTO "pkg_opts" VALUES(247,92,17,0,NULL);
INSERT INTO "pkg_opts" VALUES(248,92,2,0,NULL);
INSERT INTO "pkg_opts" VALUES(249,93,2,0,NULL);
INSERT INTO "pkg_opts" VALUES(250,94,9,0,NULL);
INSERT INTO "pkg_opts" VALUES(251,94,40,0,NULL);
INSERT INTO "pkg_opts" VALUES(252,94,5,0,NULL);
INSERT INTO "pkg_opts" VALUES(253,94,21,0,NULL);
INSERT INTO "pkg_opts" VALUES(254,94,470,1,NULL);
INSERT INTO "pkg_opts" VALUES(255,95,2,0,NULL);
INSERT INTO "pkg_opts" VALUES(256,96,5,0,NULL);
INSERT INTO "pkg_opts" VALUES(257,96,2,0,NULL);
INSERT INTO "pkg_opts" VALUES(258,97,116,0,NULL);
INSERT INTO "pkg_opts" VALUES(259,97,328,0,NULL);
INSERT INTO "pkg_opts" VALUES(260,97,2,0,NULL);
CREATE TABLE packages_sys (id INTEGER PRIMARY KEY AUTOINCREMENT, pkg_id INTEGER REFERENCES package (id) ON DELETE CASCADE);
CREATE TABLE package_meta (id INTEGER PRIMARY KEY AUTOINCREMENT, cat_id INTEGER REFERENCES category (id) ON DELETE CASCADE, name TEXT);
INSERT INTO "package_meta" VALUES(1,141,'linux-headers');
INSERT INTO "package_meta" VALUES(2,131,'man-pages');
INSERT INTO "package_meta" VALUES(3,142,'glibc');
INSERT INTO "package_meta" VALUES(4,142,'zlib');
INSERT INTO "package_meta" VALUES(5,131,'file');
INSERT INTO "package_meta" VALUES(6,136,'binutils');
INSERT INTO "package_meta" VALUES(7,39,'gmp');
INSERT INTO "package_meta" VALUES(8,39,'mpfr');
INSERT INTO "package_meta" VALUES(9,39,'mpc');
INSERT INTO "package_meta" VALUES(10,136,'gcc');
INSERT INTO "package_meta" VALUES(11,142,'timezone-data');
INSERT INTO "package_meta" VALUES(13,4,'bzip2');
INSERT INTO "package_meta" VALUES(14,48,'pkg-config');
INSERT INTO "package_meta" VALUES(15,142,'ncurses');
INSERT INTO "package_meta" VALUES(16,131,'attr');
INSERT INTO "package_meta" VALUES(17,131,'acl');
INSERT INTO "package_meta" VALUES(18,142,'libcap');
INSERT INTO "package_meta" VALUES(19,131,'sed');
INSERT INTO "package_meta" VALUES(20,131,'shadow');
INSERT INTO "package_meta" VALUES(21,131,'grep');
INSERT INTO "package_meta" VALUES(22,131,'kmod');
INSERT INTO "package_meta" VALUES(23,131,'systemd');
INSERT INTO "package_meta" VALUES(24,144,'psmisc');
INSERT INTO "package_meta" VALUES(25,142,'iana-etc');
INSERT INTO "package_meta" VALUES(26,136,'m4');
INSERT INTO "package_meta" VALUES(27,136,'bison');
INSERT INTO "package_meta" VALUES(28,136,'flex');
INSERT INTO "package_meta" VALUES(29,142,'readline');
INSERT INTO "package_meta" VALUES(30,25,'bash');
INSERT INTO "package_meta" VALUES(31,136,'bc');
INSERT INTO "package_meta" VALUES(32,136,'libtool');
INSERT INTO "package_meta" VALUES(33,142,'gdbm');
INSERT INTO "package_meta" VALUES(34,53,'gperf');
INSERT INTO "package_meta" VALUES(35,39,'expat');
INSERT INTO "package_meta" VALUES(36,108,'inetutils');
INSERT INTO "package_meta" VALUES(37,38,'perl');
INSERT INTO "package_meta" VALUES(38,43,'XML-Parser');
INSERT INTO "package_meta" VALUES(39,53,'intltool');
INSERT INTO "package_meta" VALUES(40,136,'autoconf');
INSERT INTO "package_meta" VALUES(41,136,'automake');
INSERT INTO "package_meta" VALUES(42,4,'xz');
INSERT INTO "package_meta" VALUES(43,136,'gettext');
INSERT INTO "package_meta" VALUES(44,144,'procps');
INSERT INTO "package_meta" VALUES(45,139,'e2fsprogs');
INSERT INTO "package_meta" VALUES(46,131,'coreutils');
INSERT INTO "package_meta" VALUES(47,131,'diffutils');
INSERT INTO "package_meta" VALUES(48,131,'gawk');
INSERT INTO "package_meta" VALUES(49,131,'findutils');
INSERT INTO "package_meta" VALUES(50,131,'groff');
INSERT INTO "package_meta" VALUES(51,131,'less');
INSERT INTO "package_meta" VALUES(52,131,'iproute2');
INSERT INTO "package_meta" VALUES(53,131,'kbd');
INSERT INTO "package_meta" VALUES(54,4,'gzip');
INSERT INTO "package_meta" VALUES(55,39,'libpipeline');
INSERT INTO "package_meta" VALUES(56,136,'make');
INSERT INTO "package_meta" VALUES(57,136,'patch');
INSERT INTO "package_meta" VALUES(58,131,'dbus');
INSERT INTO "package_meta" VALUES(59,131,'util-linux');
INSERT INTO "package_meta" VALUES(60,131,'man-db');
INSERT INTO "package_meta" VALUES(61,4,'tar');
INSERT INTO "package_meta" VALUES(62,131,'texinfo');
INSERT INTO "package_meta" VALUES(64,39,'openssl');
INSERT INTO "package_meta" VALUES(65,108,'curl');
INSERT INTO "package_meta" VALUES(66,31,'sqlite');
INSERT INTO "package_meta" VALUES(67,131,'which');
INSERT INTO "package_meta" VALUES(68,131,'net-tools');
INSERT INTO "package_meta" VALUES(69,108,'iputils');
INSERT INTO "package_meta" VALUES(70,108,'wget');
INSERT INTO "package_meta" VALUES(71,108,'openssh');
INSERT INTO "package_meta" VALUES(72,131,'baselayout');
INSERT INTO "package_meta" VALUES(73,4,'lz4');
INSERT INTO "package_meta" VALUES(74,142,'cracklib');
INSERT INTO "package_meta" VALUES(75,4,'unzip');
INSERT INTO "package_meta" VALUES(76,39,'libltdl');
INSERT INTO "package_meta" VALUES(77,142,'pam');
INSERT INTO "package_meta" VALUES(78,142,'db');
INSERT INTO "package_meta" VALUES(79,106,'libtirpc');
INSERT INTO "package_meta" VALUES(80,38,'tcl');
INSERT INTO "package_meta" VALUES(81,101,'iptables');
INSERT INTO "package_meta" VALUES(82,39,'libpcre');
INSERT INTO "package_meta" VALUES(83,2,'perl-cleaner');
INSERT INTO "package_meta" VALUES(84,142,'libseccomp');
INSERT INTO "package_meta" VALUES(85,19,'pax-utils');
INSERT INTO "package_meta" VALUES(86,19,'ca-certificates');
INSERT INTO "package_meta" VALUES(87,131,'hwids');
INSERT INTO "package_meta" VALUES(88,43,'libintl-perl');
INSERT INTO "package_meta" VALUES(89,43,'Unicode-EastAsianWidth');
INSERT INTO "package_meta" VALUES(90,43,'Text-Unidecode');
INSERT INTO "package_meta" VALUES(91,132,'pambase');
INSERT INTO "package_meta" VALUES(92,39,'libxml2');
INSERT INTO "package_meta" VALUES(93,39,'icu');
INSERT INTO "package_meta" VALUES(94,11,'nano');
INSERT INTO "package_meta" VALUES(95,39,'libgcrypt');
INSERT INTO "package_meta" VALUES(96,39,'libgpg-error');
INSERT INTO "package_meta" VALUES(97,39,'libxslt');
INSERT INTO "package_meta" VALUES(98,26,'xmlto');
INSERT INTO "package_meta" VALUES(99,26,'docbook-xsl-stylesheets');
INSERT INTO "package_meta" VALUES(100,26,'docbook-xml-dtd');
INSERT INTO "package_meta" VALUES(101,26,'build-docbook-catalog');
CREATE TABLE postinstall_cmds (id INTEGER PRIMARY KEY AUTOINCREMENT, pkg_id INTEGER REFERENCES package (id), cmd STRING, dir STRING, dep_by_opt_id INTEGER REFERENCES config_opts (id));
INSERT INTO "postinstall_cmds" VALUES(1,1,'find ${BIN_DIR}/usr/include \( -name .install -o -name ..install.cmd \) -delete','${SRC_DIR}/${PS}-${PV}',NULL);
INSERT INTO "postinstall_cmds" VALUES(2,3,'cp ${SRC_DIR}/${PS}-${PV}/nscd/nscd.conf ${BIN_DIR}/etc/nscd.conf','${BIN_DIR}/etc',NULL);
INSERT INTO "postinstall_cmds" VALUES(3,3,'mkdir -p ${BIN_DIR}/var/cache/nscd',NULL,NULL);
INSERT INTO "postinstall_cmds" VALUES(4,3,'install -Dm644 ${SRC_DIR}/${PS}-${PV}/nscd/nscd.tmpfiles ${BIN_DIR}/usr/lib/tmpfiles.d/nscd.conf',NULL,NULL);
INSERT INTO "postinstall_cmds" VALUES(5,3,'install -Dm644 ${SRC_DIR}/${PS}-${PV}/nscd/nscd.service ${BIN_DIR}/lib/systemd/system/nscd.service',NULL,NULL);
INSERT INTO "postinstall_cmds" VALUES(6,3,'cat > ${BIN_DIR}/etc/nsswitch.conf << "EOF"
# Begin /etc/nsswitch.conf

passwd: files
group: files
shadow: files

hosts: files dns myhostname
networks: files

protocols: files
services: files
ethers: files
rpc: files

# End /etc/nsswitch.conf
EOF
',NULL,NULL);
INSERT INTO "postinstall_cmds" VALUES(7,3,'mkdir -p ${BIN_DIR}/usr/lib/locale','${BIN_DIR}',NULL);
INSERT INTO "postinstall_cmds" VALUES(11,3,'install -m  774 ${PKG_SOURCES}/locale-gen ${BIN_DIR}/usr/sbin/','${BIN_DIR}',NULL);
INSERT INTO "postinstall_cmds" VALUES(12,3,'install -m  644 ${PKG_SOURCES}/locale.conf ${BIN_DIR}/etc/','${BIN_DIR}',NULL);
INSERT INTO "postinstall_cmds" VALUES(14,5,'mkdir -p ${BIN_DIR}/lib/','${BIN_DIR}',NULL);
INSERT INTO "postinstall_cmds" VALUES(15,5,'mv ${BIN_DIR}/usr/lib/libz.so.* ${BIN_DIR}/lib/','${BIN_DIR}',NULL);
INSERT INTO "postinstall_cmds" VALUES(18,5,'ln -sfv ../../lib/$(readlink ${BIN_DIR}/usr/lib/libz.so) ${BIN_DIR}/usr/lib/libz.so','${BIN_DIR}',NULL);
INSERT INTO "postinstall_cmds" VALUES(20,11,'ln -s ../usr/bin/cpp ${BIN_DIR}/lib/','${BIN_DIR}',NULL);
INSERT INTO "postinstall_cmds" VALUES(21,11,'ln -s gcc ${BIN_DIR}/usr/bin/cc','${BIN_DIR}',NULL);
INSERT INTO "postinstall_cmds" VALUES(22,11,'install -dm755 ${BIN_DIR}/usr/lib/bfd-plugins','${BIN_DIR}',NULL);
INSERT INTO "postinstall_cmds" VALUES(23,11,'ln -sf ../../libexec/gcc/$(gcc -dumpmachine)/${PV}/liblto_plugin.so ${BIN_DIR}/usr/lib/bfd-plugins/','${BIN_DIR}',NULL);
INSERT INTO "postinstall_cmds" VALUES(24,11,'mkdir -p ${BIN_DIR}/usr/share/gdb/auto-load/usr/lib','${BIN_DIR}',NULL);
INSERT INTO "postinstall_cmds" VALUES(25,11,'mv ${BIN_DIR}/usr/lib/*gdb.py ${BIN_DIR}/usr/share/gdb/auto-load/usr/lib','${BIN_DIR}',NULL);
INSERT INTO "postinstall_cmds" VALUES(26,12,'mkdir -p ${BIN_DIR}/{bin,lib,usr/lib,usr/include}','${BIN_DIR}',NULL);
INSERT INTO "postinstall_cmds" VALUES(27,12,'cp bzip2-shared ${BIN_DIR}/bin/bzip2','${SRC_DIR}/${PS}-${PV}',NULL);
INSERT INTO "postinstall_cmds" VALUES(28,12,'cp -a libbz2.so* ${BIN_DIR}/lib/','${SRC_DIR}/${PS}-${PV}',NULL);
INSERT INTO "postinstall_cmds" VALUES(29,12,'ln -s ../../lib/libbz2.so.1.0 ${BIN_DIR}/usr/lib/libbz2.so','${SRC_DIR}/${PS}-${PV}',NULL);
INSERT INTO "postinstall_cmds" VALUES(30,12,'rm ${BIN_DIR}/usr/bin/{bunzip2,bzcat,bzip2}','${SRC_DIR}/${PS}-${PV}',NULL);
INSERT INTO "postinstall_cmds" VALUES(31,12,'ln -sf bzip2 ${BIN_DIR}/bin/bunzip2','${SRC_DIR}/${PS}-${PV}',NULL);
INSERT INTO "postinstall_cmds" VALUES(33,12,'ln -sf bzip2 ${BIN_DIR}/bin/bzcat','${SRC_DIR}/${PS}-${PV}',NULL);
INSERT INTO "postinstall_cmds" VALUES(34,14,'mkdir -p ${BIN_DIR}/{lib,usr/lib/pkgconfig}','${BIN_DIR}',NULL);
INSERT INTO "postinstall_cmds" VALUES(35,14,'mv -v ${BIN_DIR}/usr/lib/libncursesw.so.6* ${BIN_DIR}/lib/','${BIN_DIR}',NULL);
INSERT INTO "postinstall_cmds" VALUES(36,14,'ln -sfv ../../lib/$(readlink ${BIN_DIR}/usr/lib/libncursesw.so) ${BIN_DIR}/usr/lib/libncursesw.so','${BIN_DIR}',NULL);
INSERT INTO "postinstall_cmds" VALUES(37,14,'for lib in ncurses form panel menu ; do
    rm -f                    ${BIN_DIR}/usr/lib/lib${lib}.so
    echo "INPUT(-l${lib}w)" > ${BIN_DIR}/usr/lib/lib${lib}.so
    ln -sf ${lib}w.pc        ${BIN_DIR}/usr/lib/pkgconfig/${lib}.pc
done','${BIN_DIR}',NULL);
INSERT INTO "postinstall_cmds" VALUES(38,14,'rm vf  ${BIN_DIR}/usr/lib/libcursesw.so','${BIN_DIR}',NULL);
INSERT INTO "postinstall_cmds" VALUES(39,14,'echo "INPUT(-lncursesw)" > ${BIN_DIR}/usr/lib/libcursesw.so','${BIN_DIR}',NULL);
INSERT INTO "postinstall_cmds" VALUES(40,14,'ln -sf libncurses.so ${BIN_DIR}/usr/lib/libcurses.so','${BIN_DIR}',NULL);
INSERT INTO "postinstall_cmds" VALUES(43,15,'chmod 0755 ${BIN_DIR}/usr/lib/libattr.so','${BIN_DIR}',NULL);
INSERT INTO "postinstall_cmds" VALUES(44,15,'mv ${BIN_DIR}/usr/lib/libattr.so.* ${BIN_DIR}/lib/','${BIN_DIR}',NULL);
INSERT INTO "postinstall_cmds" VALUES(45,15,'ln -sfv ../../lib/$(readlink ${BIN_DIR}/usr/lib/libattr.so) ${BIN_DIR}/usr/lib/libattr.so','${BIN_DIR}',NULL);
INSERT INTO "postinstall_cmds" VALUES(46,16,'chmod 755 ${BIN_DIR}/usr/lib/libacl.so','${BIN_DIR}',NULL);
INSERT INTO "postinstall_cmds" VALUES(47,16,'mv ${BIN_DIR}/usr/lib/libacl.so.* ${BIN_DIR}/lib','${BIN_DIR}',NULL);
INSERT INTO "postinstall_cmds" VALUES(48,16,'ln -sf ../../lib/$(readlink ${BIN_DIR}/usr/lib/libacl.so) ${BIN_DIR}/usr/lib/libacl.so','${BIN_DIR}',NULL);
INSERT INTO "postinstall_cmds" VALUES(49,17,'chmod -v 755 ${BIN_DIR}/usr/lib/libcap.so','${BIN_DIR}',NULL);
INSERT INTO "postinstall_cmds" VALUES(50,17,'mv -v ${BIN_DIR}/usr/lib/libcap.so.* ${BIN_DIR}/lib','${BIN_DIR}',NULL);
INSERT INTO "postinstall_cmds" VALUES(51,17,'ln -sfv ../../lib/$(readlink ${BIN_DIR}/usr/lib/libcap.so) ${BIN_DIR}/usr/lib/libcap.so','${BIN_DIR}',NULL);
INSERT INTO "postinstall_cmds" VALUES(52,19,'mv -v ${BIN_DIR}/usr/bin/passwd ${BIN_DIR}/bin','${BIN_DIR}',NULL);
INSERT INTO "postinstall_cmds" VALUES(53,20,'mkdir -p ${BIN_DIR}/bin','${BIN_DIR}',NULL);
INSERT INTO "postinstall_cmds" VALUES(54,20,'mv ${BIN_DIR}/usr/bin/fuser ${BIN_DIR}/bin','${BIN_DIR}',NULL);
INSERT INTO "postinstall_cmds" VALUES(55,20,'mv ${BIN_DIR}/usr/bin/killall ${BIN_DIR}/bin','${BIN_DIR}',NULL);
INSERT INTO "postinstall_cmds" VALUES(56,24,'ln -s flex ${BIN_DIR}/usr/bin/lex','${BIN_DIR}',NULL);
INSERT INTO "postinstall_cmds" VALUES(57,26,'mv ${BIN_DIR}/usr/lib/lib{readline,history}.so.* ${BIN_DIR}/lib','${BIN_DIR}',NULL);
INSERT INTO "postinstall_cmds" VALUES(58,26,'ln -sf ../../lib/$(readlink ${BIN_DIR}/usr/lib/libreadline.so) ${BIN_DIR}/usr/lib/libreadline.so','${BIN_DIR}',NULL);
INSERT INTO "postinstall_cmds" VALUES(59,26,'ln -sf ../../lib/$(readlink ${BIN_DIR}/usr/lib/libhistory.so ) ${BIN_DIR}/usr/lib/libhistory.so','${BIN_DIR}',NULL);
INSERT INTO "postinstall_cmds" VALUES(60,27,'mv -f ${BIN_DIR}/usr/bin/bash ${BIN_DIR}/bin','${BIN_DIR}',NULL);
INSERT INTO "postinstall_cmds" VALUES(61,27,'ln -s bash ${BIN_DIR}/bin/sh','${BIN_DIR}',NULL);
INSERT INTO "postinstall_cmds" VALUES(62,33,'mkdir -p ${BIN_DIR}/{bin,sbin}','${BIN_DIR}',NULL);
INSERT INTO "postinstall_cmds" VALUES(63,33,'mv ${BIN_DIR}/usr/bin/{hostname,ping,ping6,traceroute} ${BIN_DIR}/bin','${BIN_DIR}',NULL);
INSERT INTO "postinstall_cmds" VALUES(64,33,'mv ${BIN_DIR}/usr/bin/ifconfig ${BIN_DIR}/sbin','${BIN_DIR}',NULL);
INSERT INTO "postinstall_cmds" VALUES(65,39,'mkdir -p ${BIN_DIR}/{bin,lib}','${BIN_DIR}',NULL);
INSERT INTO "postinstall_cmds" VALUES(66,39,'mv ${BIN_DIR}/usr/bin/{lzma,unlzma,lzcat,xz,unxz,xzcat} ${BIN_DIR}/bin','${BIN_DIR}',NULL);
INSERT INTO "postinstall_cmds" VALUES(67,39,'mv ${BIN_DIR}/usr/lib/liblzma.so.* ${BIN_DIR}/lib','${BIN_DIR}',NULL);
INSERT INTO "postinstall_cmds" VALUES(68,39,'ln -sf ../../lib/$(readlink ${BIN_DIR}/usr/lib/liblzma.so) ${BIN_DIR}/usr/lib/liblzma.so','${BIN_DIR}',NULL);
INSERT INTO "postinstall_cmds" VALUES(69,40,'mkdir -p ${BIN_DIR}/sbin','${BIN_DIR}',NULL);
INSERT INTO "postinstall_cmds" VALUES(70,40,'for target in depmod insmod lsmod modinfo modprobe rmmod; do
  ln -sf ../bin/kmod ${BIN_DIR}/sbin/$target
done','${BIN_DIR}',NULL);
INSERT INTO "postinstall_cmds" VALUES(71,40,'ln -sf kmod ${BIN_DIR}/bin/lsmod','${BIN_DIR}',NULL);
INSERT INTO "postinstall_cmds" VALUES(72,41,'chmod 0755 ${BIN_DIR}/usr/lib/preloadable_libintl.so','${BIN_DIR}',NULL);
INSERT INTO "postinstall_cmds" VALUES(73,42,'mkdir -p ${BIN_DIR}/sbin','${BIN_DIR}',NULL);
INSERT INTO "postinstall_cmds" VALUES(74,42,'rm -rf ${BIN_DIR}/usr/lib/rpm','${BIN_DIR}',NULL);
INSERT INTO "postinstall_cmds" VALUES(75,42,'ln -sf /usr/lib/systemd/resolv.conf ${BIN_DIR}/etc/resolv.conf','${BIN_DIR}',NULL);
INSERT INTO "postinstall_cmds" VALUES(76,42,'for tool in runlevel reboot shutdown poweroff halt telinit; do
    ln -sf /usr/bin/systemctl ${BIN_DIR}/sbin/${tool}
done','${BIN_DIR}',NULL);
INSERT INTO "postinstall_cmds" VALUES(77,42,'ln -sf /usr/lib/systemd/systemd ${BIN_DIR}/sbin/init','${BIN_DIR}',NULL);
INSERT INTO "postinstall_cmds" VALUES(78,42,'mkdir -p ${BIN_DIR}/etc/pam.d/','${BIN_DIR}',NULL);
INSERT INTO "postinstall_cmds" VALUES(79,42,'cat >> ${BIN_DIR}/etc/pam.d/system-session << "EOF" &&
# Begin Systemd addition

session   required    pam_loginuid.so
session   optional    pam_systemd.so

# End Systemd addition
EOF
','${BIN_DIR}',NULL);
INSERT INTO "postinstall_cmds" VALUES(80,42,'cat > ${BIN_DIR}/etc/pam.d/systemd-user << "EOF"
# Begin /etc/pam.d/systemd-user

account  required pam_access.so
account  include  system-account

session  required pam_env.so
session  required pam_limits.so
session  include  system-session

auth     required pam_deny.so
password required pam_deny.so

# End /etc/pam.d/systemd-user
EOF
','${BIN_DIR}',NULL);
INSERT INTO "postinstall_cmds" VALUES(85,43,'mkdir ${BIN_DIR}/lib','${BIN_DIR}',NULL);
INSERT INTO "postinstall_cmds" VALUES(86,43,'mv ${BIN_DIR}/usr/lib/libprocps.so.* ${BIN_DIR}/lib','${BIN_DIR}',NULL);
INSERT INTO "postinstall_cmds" VALUES(87,43,'ln -sf ../../lib/$(readlink ${BIN_DIR}/usr/lib/libprocps.so) ${BIN_DIR}/usr/lib/libprocps.so','${BIN_DIR}',NULL);
INSERT INTO "postinstall_cmds" VALUES(88,44,'chmod -v u+w ${BIN_DIR}/usr/lib/{libcom_err,libe2p,libext2fs,libss}.a','${BIN_DIR}',NULL);
INSERT INTO "postinstall_cmds" VALUES(89,45,'mkdir -p ${BIN_DIR}/{bin,usr/bin,usr/sbin,usr/share/man/man8}','${BIN_DIR}',NULL);
INSERT INTO "postinstall_cmds" VALUES(90,45,'mv ${BIN_DIR}/usr/bin/{cat,chgrp,chmod,chown,cp,date,dd,df,echo} ${BIN_DIR}/bin','${BIN_DIR}',NULL);
INSERT INTO "postinstall_cmds" VALUES(91,45,'mv ${BIN_DIR}/usr/bin/{false,ln,ls,mkdir,mknod,mv,pwd,rm} ${BIN_DIR}/bin','${BIN_DIR}',NULL);
INSERT INTO "postinstall_cmds" VALUES(92,45,'mv ${BIN_DIR}/usr/bin/{rmdir,stty,sync,true,uname} ${BIN_DIR}/bin','${BIN_DIR}',NULL);
INSERT INTO "postinstall_cmds" VALUES(93,45,'mv ${BIN_DIR}/usr/bin/chroot ${BIN_DIR}/usr/sbin','${BIN_DIR}',NULL);
INSERT INTO "postinstall_cmds" VALUES(94,45,'mv ${BIN_DIR}/usr/share/man/man1/chroot.1 ${BIN_DIR}/usr/share/man/man8/chroot.8','${BIN_DIR}',NULL);
INSERT INTO "postinstall_cmds" VALUES(95,45,'sed -i s/\"1\"/\"8\"/1 ${BIN_DIR}/usr/share/man/man8/chroot.8','${BIN_DIR}',NULL);
INSERT INTO "postinstall_cmds" VALUES(96,45,'mv  ${BIN_DIR}/usr/bin/{head,sleep,nice,test,[} ${BIN_DIR}/bin','${BIN_DIR}',NULL);
INSERT INTO "postinstall_cmds" VALUES(97,48,'mkdir -p ${BIN_DIR}/bin','${BIN_DIR}',NULL);
INSERT INTO "postinstall_cmds" VALUES(98,48,'mv -v ${BIN_DIR}/usr/bin/find ${BIN_DIR}/bin','${BIN_DIR}',NULL);
INSERT INTO "postinstall_cmds" VALUES(99,48,'sed -i ''s|find:=${BINDIR}|find:=/bin|'' ${BIN_DIR}/usr/bin/updatedb','${BIN_DIR}',NULL);
INSERT INTO "postinstall_cmds" VALUES(100,51,'mkdir -p ${BIN_DIR}/bin','${BIN_DIR}',NULL);
INSERT INTO "postinstall_cmds" VALUES(101,51,'mv ${BIN_DIR}/usr/bin/gzip ${BIN_DIR}/bin','${BIN_DIR}',NULL);
INSERT INTO "postinstall_cmds" VALUES(102,59,'sed -i "s:man root:root root:g" ${BIN_DIR}/usr/lib/tmpfiles.d/man-db.conf','${BIN_DIR}',NULL);
INSERT INTO "postinstall_cmds" VALUES(103,7,'find . -name "*.la" -delete','${BIN_DIR}',NULL);
INSERT INTO "postinstall_cmds" VALUES(104,12,'cp bzlib.h ${BIN_DIR}/usr/include/','${SRC_DIR}/${PS}-${PV}',NULL);
INSERT INTO "postinstall_cmds" VALUES(106,69,'install -v -m755    contrib/ssh-copy-id ${BIN_DIR}/usr/bin','${BUILD_DIR}',NULL);
INSERT INTO "postinstall_cmds" VALUES(107,69,'sed -i -e "/^#UsePAM /s:.*:UsePAM yes:" -e "/^#PasswordAuthentication /s:.*:PasswordAuthentication no:" -e "/^#PrintMotd /s:.*:PrintMotd no:" -e "/^#PrintLastLog /s:.*:PrintLastLog no:" ${BIN_DIR}/etc/ssh/sshd_config','${BIN_DIR}',42);
CREATE TABLE package_sources (id INTEGER PRIMARY KEY AUTOINCREMENT, pkg_id INTEGER REFERENCES package (id), src_url STRING, md5 STRING, size INTEGER);
INSERT INTO "package_sources" VALUES(1,1,'https://www.kernel.org/pub/linux/kernel/v4.x/linux-4.10.1.tar.xz','ed01fa8c30342def9712769762ca55ea',94220800);
INSERT INTO "package_sources" VALUES(2,2,'https://www.kernel.org/pub/linux/docs/man-pages/man-pages-4.09.tar.xz','91c721409bbf823d8f62bee3a1fe8ae3',1521560);
INSERT INTO "package_sources" VALUES(3,3,'http://www.linuxfromscratch.org/patches/lfs/development/glibc-2.25-fhs-1.patch','9a5997c3452909b1769918c759eff8a2',2804);
INSERT INTO "package_sources" VALUES(4,3,'http://ftp.gnu.org/gnu/glibc/glibc-2.25.tar.xz','1496c3bf41adf9db0ebd0af01f202eed',13873900);
INSERT INTO "package_sources" VALUES(5,4,'http://www.iana.org/time-zones/repository/releases/tzdata2017a.tar.gz','cb8274cd175f8a4d9d1b89895df876dc',323983);
INSERT INTO "package_sources" VALUES(6,4,'http://www.iana.org/time-zones/repository/releases/tzcode2017a.tar.gz','eef0bfac7a52dce6989a7d8b40d86fe0',210671);
INSERT INTO "package_sources" VALUES(7,3,'https://raw.githubusercontent.com/baho-utot/LFS-pacman/master/base/glibc/locale-gen','28ca3e9ba0c0b1da38268c114c8228b4',1093);
INSERT INTO "package_sources" VALUES(8,3,'https://raw.githubusercontent.com/baho-utot/LFS-pacman/master/base/glibc/locale.conf','28164621b1a16dfb9e5be7953eac0aad',919);
INSERT INTO "package_sources" VALUES(9,5,'http://zlib.net/zlib-1.2.11.tar.xz','85adef240c5f370b308da8c938951a68',467960);
INSERT INTO "package_sources" VALUES(10,6,'ftp://ftp.astron.com/pub/file/file-5.30.tar.gz','f35eaf05489ae566eafc4d26bb1dcd90',789345);
INSERT INTO "package_sources" VALUES(11,7,'http://ftp.gnu.org/gnu/binutils/binutils-2.28.tar.bz2','9e8340c96626b469a603c15c9d843727',26556365);
INSERT INTO "package_sources" VALUES(13,8,'http://ftp.gnu.org/gnu/gmp/gmp-6.1.2.tar.xz','f58fa8001d60c4c77595fbbb62b63c1d',1946336);
INSERT INTO "package_sources" VALUES(14,9,'http://www.mpfr.org/mpfr-3.1.5/mpfr-3.1.5.tar.xz','c4ac246cf9795a4491e7766002cd528f',1126668);
INSERT INTO "package_sources" VALUES(15,10,'http://www.multiprecision.org/mpc/download/mpc-1.0.3.tar.gz','d6a1d5f8ddea3abd2cc3e98f58352d26',669925);
INSERT INTO "package_sources" VALUES(16,11,'http://ftp.gnu.org/gnu/gcc/gcc-6.3.0/gcc-6.3.0.tar.bz2','677a7623c7ef6ab99881bc4e048debb6',99903185);
INSERT INTO "package_sources" VALUES(17,12,'http://www.bzip.org/1.0.6/bzip2-1.0.6.tar.gz','00b516f4704d4a7cb50a1d97e6e8e15b',782025);
INSERT INTO "package_sources" VALUES(18,12,'http://www.linuxfromscratch.org/patches/lfs/development/bzip2-1.0.6-install_docs-1.patch','6a5ac7e89b791aae556de0f745916f7f',1684);
INSERT INTO "package_sources" VALUES(19,13,'https://pkg-config.freedesktop.org/releases/pkg-config-0.29.1.tar.gz','f739a28cae4e0ca291f82d1d41ef107d',2013454);
INSERT INTO "package_sources" VALUES(20,14,'http://ftp.gnu.org/gnu//ncurses/ncurses-6.0.tar.gz','ee13d052e1ead260d7c28071f46eefb1',3131891);
INSERT INTO "package_sources" VALUES(21,15,'http://download.savannah.gnu.org/releases/attr/attr-2.4.47.src.tar.gz','84f58dec00b60f2dc8fd1c9709291cc7',343692);
INSERT INTO "package_sources" VALUES(22,16,'http://download.savannah.gnu.org/releases/acl/acl-2.2.52.src.tar.gz','a61415312426e9c2212bd7dc7929abda',386604);
INSERT INTO "package_sources" VALUES(23,17,'https://www.kernel.org/pub/linux/libs/security/linux-privs/libcap2/libcap-2.25.tar.xz','6666b839e5d46c2ad33fc8aa2ceb5f77',63672);
INSERT INTO "package_sources" VALUES(24,18,'http://ftp.gnu.org/gnu/sed/sed-4.4.tar.xz','e0c583d4c380059abd818cd540fe6938',1181664);
INSERT INTO "package_sources" VALUES(25,19,'https://github.com/shadow-maint/shadow/releases/download/4.4/shadow-4.4.tar.xz','c06f8c2571b44899e60662f9ad259dd6',1631120);
INSERT INTO "package_sources" VALUES(26,20,'http://downloads.sourceforge.net/project/psmisc/psmisc/psmisc-22.21.tar.gz','935c0fd6eb208288262b385fa656f1bf',457702);
INSERT INTO "package_sources" VALUES(27,21,'http://anduin.linuxfromscratch.org/LFS/iana-etc-2.30.tar.bz2','3ba3afb1d1b261383d247f46cb135ee8',205618);
INSERT INTO "package_sources" VALUES(28,22,'http://ftp.gnu.org/gnu/m4/m4-1.4.18.tar.xz','730bb15d96fffe47e148d1e09235af82',1207688);
INSERT INTO "package_sources" VALUES(29,23,'http://ftp.gnu.org/gnu/bison/bison-3.0.4.tar.xz','c342201de104cc9ce0a21e0ad10d4021',1973796);
INSERT INTO "package_sources" VALUES(30,24,'https://github.com/westes/flex/releases/download/v2.6.3/flex-2.6.3.tar.gz','a5f65570cd9107ec8a8ec88f17b31bb1',1405560);
INSERT INTO "package_sources" VALUES(31,25,'http://ftp.gnu.org/gnu/grep/grep-3.0.tar.xz','fa07c1616adeb9c3262be5177d10ad4a',1375156);
INSERT INTO "package_sources" VALUES(32,26,'http://ftp.gnu.org/gnu/readline/readline-7.0.tar.gz','205b03a87fc83dab653b628c59b9fc91',2910016);
INSERT INTO "package_sources" VALUES(34,27,'http://ftp.gnu.org/gnu/bash/bash-4.4.tar.gz','148888a7c95ac23705559b6f477dfe25',9377313);
INSERT INTO "package_sources" VALUES(35,27,'http://www.linuxfromscratch.org/patches/lfs/development/bash-4.4-upstream_fixes-1.patch','e3d5bf23a4e5628680893d46e6ff286e',16659);
INSERT INTO "package_sources" VALUES(36,28,'http://alpha.gnu.org/gnu/bc/bc-1.06.95.tar.bz2','5126a721b73f97d715bb72c13c889035',290069);
INSERT INTO "package_sources" VALUES(37,28,'http://www.linuxfromscratch.org/patches/lfs/development/bc-1.06.95-memory_leak-1.patch','877e81fba316fe487ec23501059d54b8',1414);
INSERT INTO "package_sources" VALUES(38,29,'http://ftp.gnu.org/gnu/libtool/libtool-2.4.6.tar.xz','1bfb9b923f2c1339b4d2ce1807064aa5',973080);
INSERT INTO "package_sources" VALUES(39,30,'http://ftp.gnu.org/gnu/gdbm/gdbm-1.12.tar.gz','9ce96ff4c99e74295ea19040931c8fb9',841213);
INSERT INTO "package_sources" VALUES(40,31,'http://ftp.gnu.org/gnu/gperf/gperf-3.0.4.tar.gz','c1f1db32fb6598d6a93e6e88796a8632',983500);
INSERT INTO "package_sources" VALUES(41,32,'http://prdownloads.sourceforge.net/expat/expat-2.2.0.tar.bz2','2f47841c829facb346eb6e3fab5212e2',414352);
INSERT INTO "package_sources" VALUES(42,33,'http://ftp.gnu.org/gnu/inetutils/inetutils-1.9.4.tar.xz','87fef1fa3f603aef11c41dcc097af75e',1364408);
INSERT INTO "package_sources" VALUES(43,34,'http://www.cpan.org/src/5.0/perl-5.24.1.tar.bz2','178ee0e8fa544dbc76d99cf041e2c9f0',14088312);
INSERT INTO "package_sources" VALUES(44,35,'http://cpan.metacpan.org/authors/id/T/TO/TODDR/XML-Parser-2.44.tar.gz','af4813fe3952362451201ced6fbce379',237377);
INSERT INTO "package_sources" VALUES(45,36,'http://launchpad.net/intltool/trunk/0.51.0/+download/intltool-0.51.0.tar.gz','12e517cac2b57a0121cda351570f1e63',162286);
INSERT INTO "package_sources" VALUES(46,37,'http://ftp.gnu.org/gnu/autoconf/autoconf-2.69.tar.xz','50f97f4159805e374639a73e2636f22e',1214744);
INSERT INTO "package_sources" VALUES(47,38,'http://ftp.gnu.org/gnu/automake/automake-1.15.tar.xz','9a1ddb0e053474d9d1105cfe39b0c48d',1496708);
INSERT INTO "package_sources" VALUES(48,39,'http://tukaani.org/xz/xz-5.2.3.tar.xz','60fb79cab777e3f71ca43d298adacbd5',1032248);
INSERT INTO "package_sources" VALUES(49,40,'https://www.kernel.org/pub/linux/utils/kernel/kmod/kmod-24.tar.xz','08297dfb6f2b3f625f928ca3278528af',536864);
INSERT INTO "package_sources" VALUES(50,41,'http://ftp.gnu.org/gnu/gettext/gettext-0.19.8.1.tar.xz','df3f5690eaa30fd228537b00cb7b7590',7209808);
INSERT INTO "package_sources" VALUES(51,42,'http://anduin.linuxfromscratch.org/sources/other/systemd/systemd-233.tar.xz','8d95734fdfcd13855746f143de1e3c86',4043040);
INSERT INTO "package_sources" VALUES(52,43,'http://sourceforge.net/projects/procps-ng/files/Production/procps-ng-3.3.12.tar.xz','957e42e8b193490b2111252e4a2b443c',845484);
INSERT INTO "package_sources" VALUES(53,44,'http://downloads.sourceforge.net/project/e2fsprogs/e2fsprogs/v1.43.1/e2fsprogs-1.43.1.tar.gz','1775f3f0eed9dee1c5f39e08d1964a97',7009831);
INSERT INTO "package_sources" VALUES(54,45,'http://ftp.gnu.org/gnu/coreutils/coreutils-8.26.tar.xz','d5aa2072f662d4118b9f4c63b94601a6',5810244);
INSERT INTO "package_sources" VALUES(55,45,'http://www.linuxfromscratch.org/patches/lfs/development/coreutils-8.26-i18n-1.patch','e1f87b10b23d66344e5e99e7fabfa7a2',171359);
INSERT INTO "package_sources" VALUES(56,45,'https://sources.gentoo.org/cgi-bin/viewvc.cgi/gentoo/src/patchsets/coreutils/8.5/003_all_coreutils-gentoo-uname.patch','c4fcca138b6abf6d443d48a6f0cd8833',4577);
INSERT INTO "package_sources" VALUES(57,46,'http://ftp.gnu.org/gnu/diffutils/diffutils-3.5.tar.xz','569354697ff1cfc9a9de3781361015fa',1360996);
INSERT INTO "package_sources" VALUES(58,47,'http://ftp.gnu.org/gnu/gawk/gawk-4.1.4.tar.xz','4e7dbc81163e60fd4f0b52496e7542c9',2367832);
INSERT INTO "package_sources" VALUES(59,48,'http://ftp.gnu.org/gnu/findutils/findutils-4.6.0.tar.gz','9936aa8009438ce185bea2694a997fc1',3780154);
INSERT INTO "package_sources" VALUES(60,49,'http://ftp.gnu.org/gnu/groff/groff-1.22.3.tar.gz','cc825fa64bc7306a885f2fb2268d3ec5',4188772);
INSERT INTO "package_sources" VALUES(61,50,'http://www.greenwoodsoftware.com/less/less-481.tar.gz','50ef46065c65257141a7340123527767',316622);
INSERT INTO "package_sources" VALUES(62,51,'http://ftp.gnu.org/gnu/gzip/gzip-1.8.tar.xz','f7caabb65cddc1a4165b398009bd05b9',728116);
INSERT INTO "package_sources" VALUES(63,52,'https://www.kernel.org/pub/linux/utils/net/iproute2/iproute2-4.10.0.tar.xz','b94a2b0edefaeac124dc8f5d006931b9',626944);
INSERT INTO "package_sources" VALUES(64,53,'https://www.kernel.org/pub/linux/utils/kbd/kbd-2.0.4.tar.xz','c1635a5a83b63aca7f97a3eab39ebaa6',1031864);
INSERT INTO "package_sources" VALUES(65,53,'http://www.linuxfromscratch.org/patches/lfs/development/kbd-2.0.4-backspace-1.patch','f75cca16a38da6caa7d52151f7136895',12640);
INSERT INTO "package_sources" VALUES(66,54,'http://download.savannah.gnu.org/releases/libpipeline/libpipeline-1.4.1.tar.gz','e54590ec68d6c1239f67b5b44e92022c',805172);
INSERT INTO "package_sources" VALUES(67,55,'http://ftp.gnu.org/gnu/make/make-4.2.1.tar.bz2','15b012617e7c44c0ed482721629577ac',1407126);
INSERT INTO "package_sources" VALUES(68,56,'http://ftp.gnu.org/gnu/patch/patch-2.7.5.tar.xz','e3da7940431633fb65a01b91d3b7a27a',727704);
INSERT INTO "package_sources" VALUES(69,57,'http://dbus.freedesktop.org/releases/dbus/dbus-1.10.16.tar.gz','7f06c43736874c1ff50ae20392955511',1986063);
INSERT INTO "package_sources" VALUES(70,58,'https://www.kernel.org/pub/linux/utils/util-linux/v2.29/util-linux-2.29.2.tar.xz','63c40c2068fcbb7e1d5c1d281115d973',4277668);
INSERT INTO "package_sources" VALUES(71,59,'http://download.savannah.gnu.org/releases/man-db/man-db-2.7.6.1.tar.xz','2948d49d0ed7265f60f83aa4a9ac9268',1541316);
INSERT INTO "package_sources" VALUES(72,60,'http://ftp.gnu.org/gnu/tar/tar-1.29.tar.xz','a1802fec550baaeecff6c381629653ef',1996000);
INSERT INTO "package_sources" VALUES(73,61,'http://ftp.gnu.org/gnu/texinfo/texinfo-6.3.tar.xz','32baefe5c7080dfb512a4eac5ce67b2a',4468048);
INSERT INTO "package_sources" VALUES(74,19,'https://gitweb.gentoo.org/repo/gentoo.git/plain/sys-apps/shadow/files/shadow-4.4-su-snprintf.patch','b8f7eee433795eb088526ccbdee8b44b',849);
INSERT INTO "package_sources" VALUES(75,62,'https://openssl.org/source/openssl-1.0.2k.tar.gz','f965fc0bf01bf882b31314b61391ae65',5309236);
INSERT INTO "package_sources" VALUES(76,63,'https://curl.haxx.se/download/curl-7.53.1.tar.lzma','78fce113c34e7a7941080bcd0d21fecc',2076935);
INSERT INTO "package_sources" VALUES(77,63,'http://www.linuxfromscratch.org/patches/blfs/svn/curl-7.53.1-valgrind_filter-1.patch','0c9b64a14303e9542f7a7346d12194b5',3917);
INSERT INTO "package_sources" VALUES(78,64,'http://sqlite.org/2017/sqlite-autoconf-3170000.tar.gz','450a95a7bde697c9fe4de9ae2fffdcca',2515143);
INSERT INTO "package_sources" VALUES(79,65,'http://ftp.gnu.org/gnu/which/which-2.21.tar.gz','097ff1a324ae02e0a3b0369f07a7544a',149305);
INSERT INTO "package_sources" VALUES(80,66,'http://anduin.linuxfromscratch.org/BLFS/net-tools/net-tools-CVS_20101030.tar.gz','6be14ed473cacdd68edeaa9605adc469',293269);
INSERT INTO "package_sources" VALUES(81,66,'http://www.linuxfromscratch.org/patches/blfs/svn/net-tools-CVS_20101030-remove_dups-1.patch','01b01721458ee16bef6eb9464a0da175',15556);
INSERT INTO "package_sources" VALUES(82,67,'http://www.skbuff.net/iputils/iputils-s20151218.tar.bz2','8aaa7395f27dff9f57ae016d4bc753ce',157187);
INSERT INTO "package_sources" VALUES(83,68,'http://ftp.gnu.org/gnu/wget/wget-1.19.1.tar.xz','d30d82186b93fcabb4116ff513bfa9bd',2111756);
INSERT INTO "package_sources" VALUES(84,69,'http://ftp.openbsd.org/pub/OpenBSD/OpenSSH/portable/openssh-7.4p1.tar.gz','b2db2a83caf66a208bb78d6d287cdaa3',1511780);
CREATE TABLE install_cmds (id INTEGER PRIMARY KEY AUTOINCREMENT, pkg_id INTEGER REFERENCES package (id), cmd STRING, dir STRING, dep_by_opt_id INTEGER REFERENCES config_opts (id));
INSERT INTO "install_cmds" VALUES(1,1,'make INSTALL_HDR_PATH=${BIN_DIR}/usr headers_install','${SRC_DIR}/${PS}-${PV}',NULL);
INSERT INTO "install_cmds" VALUES(3,2,'make DESTDIR=${BIN_DIR} install','${SRC_DIR}/${PS}-${PV}',NULL);
INSERT INTO "install_cmds" VALUES(4,3,'mkdir lib','${BIN_DIR}',NULL);
INSERT INTO "install_cmds" VALUES(5,3,'mkdir -p usr/lib','${BIN_DIR}',NULL);
INSERT INTO "install_cmds" VALUES(11,3,'make DESTDIR=${BIN_DIR} install','${BUILD_DIR}',NULL);
INSERT INTO "install_cmds" VALUES(15,4,'make DESTDIR=${BIN_DIR} install','${SRC_DIR}',NULL);
INSERT INTO "install_cmds" VALUES(18,5,'make DESTDIR=${BIN_DIR} install','${SRC_DIR}/${PS}-${PV}',NULL);
INSERT INTO "install_cmds" VALUES(20,6,'make DESTDIR=${BIN_DIR} install','${BUILD_DIR}',NULL);
INSERT INTO "install_cmds" VALUES(23,8,'make DESTDIR=${BIN_DIR} install','${BUILD_DIR}',NULL);
INSERT INTO "install_cmds" VALUES(24,9,'make DESTDIR=${BIN_DIR} install','${BUILD_DIR}',NULL);
INSERT INTO "install_cmds" VALUES(25,10,'make DESTDIR=${BIN_DIR} install','${BUILD_DIR}',NULL);
INSERT INTO "install_cmds" VALUES(26,11,'mkdir -p ${BIN_DIR}/{lib,usr}','${BIN_DIR}',NULL);
INSERT INTO "install_cmds" VALUES(28,11,'make DESTDIR=${BIN_DIR} install','${BUILD_DIR}',NULL);
INSERT INTO "install_cmds" VALUES(29,12,'make PREFIX=${BIN_DIR}/usr install','${SRC_DIR}/${PS}-${PV}',2);
INSERT INTO "install_cmds" VALUES(36,13,'make DESTDIR=${BIN_DIR} install','${BUILD_DIR}',NULL);
INSERT INTO "install_cmds" VALUES(37,14,'make DESTDIR=${BIN_DIR} install','${BUILD_DIR}',NULL);
INSERT INTO "install_cmds" VALUES(38,15,'mkdir -p ${BIN_DIR}/{lib,usr/lib/pkgconfig}','${SRC_DIR}/${PS}-${PV}',NULL);
INSERT INTO "install_cmds" VALUES(39,15,'make DESTDIR=${BIN_DIR} install install-dev install-lib','${SRC_DIR}/${PS}-${PV}',NULL);
INSERT INTO "install_cmds" VALUES(40,16,'mkdir -p ${BIN_DIR}/{lib,usr/lib/pkgconfig}','${SRC_DIR}/${PS}-${PV}',NULL);
INSERT INTO "install_cmds" VALUES(41,16,'make DESTDIR=${BIN_DIR} install install-dev install-lib','${SRC_DIR}/${PS}-${PV}',NULL);
INSERT INTO "install_cmds" VALUES(42,17,'mkdir -p ${BIN_DIR}/{lib,usr/lib}','${SRC_DIR}/${PS}-${PV}',NULL);
INSERT INTO "install_cmds" VALUES(44,17,'make RAISE_SETFCAP=no prefix=/usr DESTDIR=${BIN_DIR} install','${SRC_DIR}/${PS}-${PV}',NULL);
INSERT INTO "install_cmds" VALUES(45,18,'make DESTDIR=${BIN_DIR} install','${BUILD_DIR}',NULL);
INSERT INTO "install_cmds" VALUES(46,19,'make DESTDIR=${BIN_DIR} install','${BUILD_DIR}',NULL);
INSERT INTO "install_cmds" VALUES(47,20,'make DESTDIR=${BIN_DIR} install','${BUILD_DIR}',NULL);
INSERT INTO "install_cmds" VALUES(48,21,'make DESTDIR=${BIN_DIR} install','${SRC_DIR}/${PS}-${PV}',NULL);
INSERT INTO "install_cmds" VALUES(49,22,'make DESTDIR=${BIN_DIR} install','${BUILD_DIR}',NULL);
INSERT INTO "install_cmds" VALUES(50,23,'make DESTDIR=${BIN_DIR} install','${BUILD_DIR}',NULL);
INSERT INTO "install_cmds" VALUES(51,24,'make DESTDIR=${BIN_DIR} install','${BUILD_DIR}',NULL);
INSERT INTO "install_cmds" VALUES(52,25,'make DESTDIR=${BIN_DIR} install','${BUILD_DIR}',NULL);
INSERT INTO "install_cmds" VALUES(53,26,'mkdir -p ${BIN_DIR}/lib','${BUILD_DIR}',NULL);
INSERT INTO "install_cmds" VALUES(54,26,'make SHLIB_LIBS=-lncurses DESTDIR=${BIN_DIR} install','${BUILD_DIR}',NULL);
INSERT INTO "install_cmds" VALUES(55,27,'mkdir -p ${BIN_DIR}\bin','${BUILD_DIR}',NULL);
INSERT INTO "install_cmds" VALUES(56,27,'make DESTDIR=${BIN_DIR} install','${BUILD_DIR}',NULL);
INSERT INTO "install_cmds" VALUES(57,28,'make DESTDIR=${BIN_DIR} install','${BUILD_DIR}',NULL);
INSERT INTO "install_cmds" VALUES(58,29,'make DESTDIR=${BIN_DIR} install','${BUILD_DIR}',NULL);
INSERT INTO "install_cmds" VALUES(59,30,'make DESTDIR=${BIN_DIR} install','${BUILD_DIR}',NULL);
INSERT INTO "install_cmds" VALUES(60,31,'make DESTDIR=${BIN_DIR} install','${BUILD_DIR}',NULL);
INSERT INTO "install_cmds" VALUES(61,32,'make DESTDIR=${BIN_DIR} install','${BUILD_DIR}',NULL);
INSERT INTO "install_cmds" VALUES(62,33,'make DESTDIR=${BIN_DIR} install','${BUILD_DIR}',NULL);
INSERT INTO "install_cmds" VALUES(63,34,'BUILD_ZLIB=False BUILD_BZIP2=0 make DESTDIR=${BIN_DIR} install','${SRC_DIR}/${PS}-${PV}',NULL);
INSERT INTO "install_cmds" VALUES(64,35,'make DESTDIR=${BIN_DIR} install','${SRC_DIR}/${PS}-${PV}',NULL);
INSERT INTO "install_cmds" VALUES(65,36,'make DESTDIR=${BIN_DIR} install','${BUILD_DIR}',NULL);
INSERT INTO "install_cmds" VALUES(66,37,'make DESTDIR=${BIN_DIR} install','${BUILD_DIR}',NULL);
INSERT INTO "install_cmds" VALUES(67,38,'make DESTDIR=${BIN_DIR} install','${BUILD_DIR}',NULL);
INSERT INTO "install_cmds" VALUES(68,39,'make DESTDIR=${BIN_DIR} install','${BUILD_DIR}',NULL);
INSERT INTO "install_cmds" VALUES(69,40,'make DESTDIR=${BIN_DIR} install','${BUILD_DIR}',NULL);
INSERT INTO "install_cmds" VALUES(70,41,'make DESTDIR=${BIN_DIR} install','${BUILD_DIR}',NULL);
INSERT INTO "install_cmds" VALUES(71,42,'make DESTDIR=${BIN_DIR} install','${BUILD_DIR}',NULL);
INSERT INTO "install_cmds" VALUES(72,43,'make DESTDIR=${BIN_DIR} install','${BUILD_DIR}',NULL);
INSERT INTO "install_cmds" VALUES(73,44,'make DESTDIR=${BIN_DIR} install install-libs','${BUILD_DIR}',NULL);
INSERT INTO "install_cmds" VALUES(74,45,'make DESTDIR=${BIN_DIR} install','${BUILD_DIR}',NULL);
INSERT INTO "install_cmds" VALUES(75,46,'make DESTDIR=${BIN_DIR} install','${BUILD_DIR}',NULL);
INSERT INTO "install_cmds" VALUES(76,47,'make DESTDIR=${BIN_DIR} install','${BUILD_DIR}',NULL);
INSERT INTO "install_cmds" VALUES(77,48,'make DESTDIR=${BIN_DIR} install','${BUILD_DIR}',NULL);
INSERT INTO "install_cmds" VALUES(78,49,'make DESTDIR=${BIN_DIR} install','${BUILD_DIR}',NULL);
INSERT INTO "install_cmds" VALUES(79,50,'make DESTDIR=${BIN_DIR} install','${BUILD_DIR}',NULL);
INSERT INTO "install_cmds" VALUES(80,51,'make DESTDIR=${BIN_DIR} install','${BUILD_DIR}',NULL);
INSERT INTO "install_cmds" VALUES(81,52,'make DOCDIR=/usr/share/doc/${PN}-${PV} DESTDIR=${BIN_DIR} install','${SRC_DIR}/${PS}-${PV}',NULL);
INSERT INTO "install_cmds" VALUES(82,53,'make DESTDIR=${BIN_DIR} install','${BUILD_DIR}',NULL);
INSERT INTO "install_cmds" VALUES(83,54,'make DESTDIR=${BIN_DIR} install','${BUILD_DIR}',NULL);
INSERT INTO "install_cmds" VALUES(84,55,'make DESTDIR=${BIN_DIR} install','${BUILD_DIR}',NULL);
INSERT INTO "install_cmds" VALUES(85,56,'make DESTDIR=${BIN_DIR} install','${BUILD_DIR}',NULL);
INSERT INTO "install_cmds" VALUES(86,57,'make DESTDIR=${BIN_DIR} install','${BUILD_DIR}',NULL);
INSERT INTO "install_cmds" VALUES(87,58,'make DESTDIR=${BIN_DIR} install','${BUILD_DIR}',NULL);
INSERT INTO "install_cmds" VALUES(88,59,'make DESTDIR=${BIN_DIR} install','${BUILD_DIR}',NULL);
INSERT INTO "install_cmds" VALUES(89,60,'make DESTDIR=${BIN_DIR} install','${BUILD_DIR}',NULL);
INSERT INTO "install_cmds" VALUES(90,61,'make DESTDIR=${BIN_DIR} install','${BUILD_DIR}',NULL);
INSERT INTO "install_cmds" VALUES(92,7,'make DESTDIR=${BIN_DIR} tooldir=/usr install','${BUILD_DIR}',NULL);
INSERT INTO "install_cmds" VALUES(93,62,'make INSTALL_PREFIX=${BIN_DIR} MANDIR=/usr/share/man MANSUFFIX=ssl install','${SRC_DIR}/${PS}-${PV}',NULL);
INSERT INTO "install_cmds" VALUES(94,63,'make DESTDIR=${BIN_DIR} install','${BUILD_DIR}',NULL);
INSERT INTO "install_cmds" VALUES(95,64,'make DESTDIR=${BIN_DIR} install','${BUILD_DIR}',NULL);
INSERT INTO "install_cmds" VALUES(96,65,'make DESTDIR=${BIN_DIR} install','${BUILD_DIR}',NULL);
INSERT INTO "install_cmds" VALUES(97,66,'make DESTDIR=${BIN_DIR} install','${SRC_DIR}/${PS}-${PV}',NULL);
INSERT INTO "install_cmds" VALUES(98,67,'mkdir -p ${BIN_DIR}/bin','${SRC_DIR}/${PS}-s${PV}',NULL);
INSERT INTO "install_cmds" VALUES(99,67,'cp ping ${BIN_DIR}/bin','${SRC_DIR}/${PS}-s${PV}',NULL);
INSERT INTO "install_cmds" VALUES(100,67,'cp ping6 ${BIN_DIR}/bin','${SRC_DIR}/${PS}-s${PV}',54);
INSERT INTO "install_cmds" VALUES(102,67,'cp tracepath6 ${BIN_DIR}/bin','${SRC_DIR}/${PS}-s${PV}',54);
INSERT INTO "install_cmds" VALUES(103,67,'cp traceroute6 ${BIN_DIR}/bin','${SRC_DIR}/${PS}-s${PV}',54);
INSERT INTO "install_cmds" VALUES(104,68,'make DESTDIR=${BIN_DIR} install','${BUILD_DIR}',NULL);
INSERT INTO "install_cmds" VALUES(105,69,'make DESTDIR=${BIN_DIR} install','${BUILD_DIR}',NULL);
INSERT INTO "install_cmds" VALUES(106,32,'make installlib DESTDIR=${BIN_DIR} LIBRARY=libexpatu.la','${BUILD_DIR}u',21);
INSERT INTO "install_cmds" VALUES(107,32,'make installlib DESTDIR=${BIN_DIR} LIBRARY=libexpatw.la','${BUILD_DIR}w',21);
INSERT INTO "install_cmds" VALUES(108,32,'cp expat.pc expatu.pc','${BIN_DIR}/usr/lib/pkgconfig',21);
INSERT INTO "install_cmds" VALUES(109,32,'sed -i -e ''/^Libs/s:-lexpat:&u:'' expatu.pc','${BIN_DIR}/usr/lib/pkgconfig',21);
INSERT INTO "install_cmds" VALUES(110,32,'cp expat.pc expatw.pc','${BIN_DIR}/usr/lib/pkgconfig',21);
INSERT INTO "install_cmds" VALUES(111,32,'sed -i -e ''/^Libs/s:-lexpat:&w:'' expatw.pc','${BIN_DIR}/usr/lib/pkgconfig',21);
CREATE TABLE config_cmds (id INTEGER PRIMARY KEY AUTOINCREMENT, pkg_id INTEGER REFERENCES package (id), cmd TEXT, dir STRING, dep_by_opt_id INTEGER REFERENCES config_opts (id));
INSERT INTO "config_cmds" VALUES(1,3,'${SRC_DIR}/${PS}-${PV}/configure --prefix=/usr --enable-kernel=2.6.32 --enable-obsolete-rpc','${BUILD_DIR}',NULL);
INSERT INTO "config_cmds" VALUES(2,5,'${SRC_DIR}/${PS}-${PV}/configure --shared --prefix=/usr','${SRC_DIR}/${PS}-${PV}',NULL);
INSERT INTO "config_cmds" VALUES(4,6,'${SRC_DIR}/${PS}-${PV}/configure --prefix=/usr ${OPT static-libs ENDIS static} ${OPT zlib ENDIS zlib}','${BUILD_DIR}',NULL);
INSERT INTO "config_cmds" VALUES(6,7,'${SRC_DIR}/${PS}-${PV}/configure --prefix=/usr --host=$(gcc -dumpmachine) --build=$(gcc -dumpmachine) --target=$(gcc -dumpmachine) --enable-shared --disable-werror ${OPT cxx ENDIS gold} ${OPT cxx ENDIS plugins} ${OPT nls WITHIO included-gettext} ${OPT nls DISEN nls} ${OPT zlib WITHIO zlib} --enable-obsolete --enable-threads --enable-install-libiberty ${OPT static-libs ENDIS static} --disable-{gdb,libdecnumber,readline,sim} --without-stage1-ldflags','${BUILD_DIR}',NULL);
INSERT INTO "config_cmds" VALUES(7,8,'${SRC_DIR}/${PS}-${PV}/configure --prefix=/usr --enable-cxx --disable-static --docdir=/usr/share/doc/${PN}-${PV}','${BUILD_DIR}',NULL);
INSERT INTO "config_cmds" VALUES(8,9,'${SRC_DIR}/${PS}-${PV}/configure --prefix=/usr --disable-static --enable-thread-safe --docdir=/usr/share/doc/${PN}-${PV}','${BUILD_DIR}',NULL);
INSERT INTO "config_cmds" VALUES(9,10,'${SRC_DIR}/${PS}-${PV}/configure --prefix=/usr --disable-static --docdir=/usr/share/doc/${PN}-${PV}','${BUILD_DIR}',NULL);
INSERT INTO "config_cmds" VALUES(10,11,'ac_cv_have_x=''have_x=yes ac_x_includes= ac_x_libraries='' ${SRC_DIR}/${PS}-${PV}/configure --host=$(gcc -dumpmachine) --build=$(gcc -dumpmachine) --target=$(gcc -dumpmachine) --prefix=/usr --disable-multilib --with-system-zlib --includedir=/usr/include --enable-languages=c${OPT cxx FLAGON ,c++}${OPT go FLAGON ,go}${OPT objc FLAGON ,objc}${OPT objc++ FLAGON ,obj-c++}${OPT fortran FLAGON ,fortran} --enable-obsolete --enable-secureplt --disable-werror ${OPT nls ENDIS nls} ${OPT nls WITHIO included-gettext} --disable-libunwind-exceptions ${OPT cxx ENDIS libstdcxx-time} ${OPT cxx ENDIS build-with-cxx} ${OPT cxx ENDIS build-poststage1-with-cxx} --enable-shared --enable-threads=posix --disable-libgcj ${OPT openmp ENDIS libgomp} ${OPT libssp ENDIS libssp} ${OPT cilk ENDIS libcilkrts} ${OPT fortran FLAGOFF --disable-libquadmath} --enable-lto ${OPT graphite ENDIS isl} ${OPT graphite FLAGON --disable-isl-version-check} ${OPT sanitize ENDIS libsanitizer} ${OPT pie ENDIS default-pie} ','${BUILD_DIR}',NULL);
INSERT INTO "config_cmds" VALUES(13,13,'${SRC_DIR}/${PS}-${PV}/configure --prefix=/usr --with-internal-glib --disable-compile-warnings --disable-host-tool --docdir=/usr/share/doc/${PN}-${PV}','${BUILD_DIR}',NULL);
INSERT INTO "config_cmds" VALUES(14,14,'${SRC_DIR}/${PS}-${PV}/configure --prefix=/usr --mandir=/usr/share/man --with-shared --without-normal --enable-pc-files --enable-widec','${BUILD_DIR}',NULL);
INSERT INTO "config_cmds" VALUES(15,15,'${SRC_DIR}/${PS}-${PV}/configure --prefix=/usr --disable-static','${SRC_DIR}/${PS}-${PV}',NULL);
INSERT INTO "config_cmds" VALUES(16,16,'${SRC_DIR}/${PS}-${PV}/configure --prefix=/usr --disable-static --libexecdir=/usr/lib','${SRC_DIR}/${PS}-${PV}',NULL);
INSERT INTO "config_cmds" VALUES(17,18,'${SRC_DIR}/${PS}-${PV}/configure --prefix=/usr --bindir=/bin --htmldir=/usr/share/doc/${PN}-${PV} ${OPT acl ENDIS acl} ${OPT nls ENDIS nls}','${BUILD_DIR}',NULL);
INSERT INTO "config_cmds" VALUES(18,19,'${SRC_DIR}/${PS}-${PV}/configure --sysconfdir=/etc --without-group-name-max-length --without-tcb --enable-shared=no --enable-static=yes ${OPT acl WITHIO acl} ${OPT cracklib WITHIO libcrack} ${OPT pam WITHIO libpam} ${OPT nls ENDIS nls} ${OPT xattr WITHIO attr}','${BUILD_DIR}',NULL);
INSERT INTO "config_cmds" VALUES(19,20,'${SRC_DIR}/${PS}-${PV}/configure --prefix=/usr','${BUILD_DIR}',NULL);
INSERT INTO "config_cmds" VALUES(20,22,'${SRC_DIR}/${PS}-${PV}/configure --prefix=/usr','${BUILD_DIR}',NULL);
INSERT INTO "config_cmds" VALUES(21,23,'${SRC_DIR}/${PS}-${PV}/configure --prefix=/usr --docdir=/usr/share/doc/${PN}-${PV} ${OPT nls ENDIS nls}','${BUILD_DIR}',NULL);
INSERT INTO "config_cmds" VALUES(22,24,'${SRC_DIR}/${PS}-${PV}/configure --prefix=/usr --docdir=/usr/share/doc/${PN}-${PV} --disable-shared ${OPT nls ENDIS nls}','${BUILD_DIR}',NULL);
INSERT INTO "config_cmds" VALUES(23,25,'${SRC_DIR}/${PS}-${PV}/configure --prefix=/usr --bindir=/bin ${OPT nls ENDIS nls} ${OPT pcre ENDIS perl-regexp}','${BUILD_DIR}',NULL);
INSERT INTO "config_cmds" VALUES(24,26,'${SRC_DIR}/${PS}-${PV}/configure --prefix=/usr --disable-static --docdir=/usr/share/doc/${PN}-${PV}','${BUILD_DIR}',NULL);
INSERT INTO "config_cmds" VALUES(25,27,'${SRC_DIR}/${PS}-${PV}/configure --prefix=/usr --docdir=/usr/share/doc/${PN}-${PV} --without-bash-malloc --with-installed-readline ${OPT nls ENDIS nls} ${OPT afs WITHIO afs} ${OPT mem-scramble ENDIS mem-scramble} ${OPT mem-scramble ENDIS bash-malloc} ${OPT readline ENDIS readline} ${OPT readline ENDIS history} ${OPT readline ENDIS bang-history}','${BUILD_DIR}',NULL);
INSERT INTO "config_cmds" VALUES(26,28,'${SRC_DIR}/${PS}-${PV}/configure --prefix=/usr --with-readline --mandir=/usr/share/man --infodir=/usr/share/info','${BUILD_DIR}',NULL);
INSERT INTO "config_cmds" VALUES(27,29,'${SRC_DIR}/${PS}-${PV}/configure --prefix=/usr','${BUILD_DIR}',NULL);
INSERT INTO "config_cmds" VALUES(28,30,'${SRC_DIR}/${PS}-${PV}/configure --prefix=/usr --disable-static --enable-libgdbm-compat','${BUILD_DIR}',NULL);
INSERT INTO "config_cmds" VALUES(29,31,'${SRC_DIR}/${PS}-${PV}/configure --prefix=/usr --docdir=/usr/share/doc/${PN}-${PV}','${BUILD_DIR}',NULL);
INSERT INTO "config_cmds" VALUES(30,32,'${SRC_DIR}/${PS}-${PV}/configure --prefix=/usr ${OPT static-libs ENDIS static}','${BUILD_DIR}',NULL);
INSERT INTO "config_cmds" VALUES(31,33,'${SRC_DIR}/${PS}-${PV}/configure --prefix=/usr --localstatedir=/var --disable-logger --disable-whois --disable-rcp --disable-rexec --disable-rlogin --disable-rsh --disable-servers','${BUILD_DIR}',NULL);
INSERT INTO "config_cmds" VALUES(32,34,'BUILD_ZLIB=False BUILD_BZIP2=0 sh Configure -des -Dprefix=/usr -Dvendorprefix=/usr -Dman1dir=/usr/share/man/man1 -Dman3dir=/usr/share/man/man3 Dpager="/usr/bin/less -isR" -Duseshrplib','${SRC_DIR}/${PS}-${PV}',NULL);
INSERT INTO "config_cmds" VALUES(33,35,'perl Makefile.PL','${SRC_DIR}/${PS}-${PV}',NULL);
INSERT INTO "config_cmds" VALUES(34,36,'${SRC_DIR}/${PS}-${PV}/configure --prefix=/usr','${BUILD_DIR}',NULL);
INSERT INTO "config_cmds" VALUES(35,37,'${SRC_DIR}/${PS}-${PV}/configure --prefix=/usr','${BUILD_DIR}',NULL);
INSERT INTO "config_cmds" VALUES(36,38,'${SRC_DIR}/${PS}-${PV}/configure --prefix=/usr --docdir=/usr/share/doc/${PN}-${PV}','${BUILD_DIR}',NULL);
INSERT INTO "config_cmds" VALUES(37,39,'${SRC_DIR}/${PS}-${PV}/configure --prefix=/usr --disable-static --docdir=/usr/share/doc/${PN}-${PV} ${OPT nls ENDIS nls} ${OPT static-libs ENDIS static} ${OPT threads ENDIS threads}','${BUILD_DIR}',NULL);
INSERT INTO "config_cmds" VALUES(38,40,'${SRC_DIR}/${PS}-${PV}/configure --prefix=/usr --bindir=/bin --sysconfdir=/etc --with-rootlibdir=/lib --with-xz --with-zlib','${BUILD_DIR}',NULL);
INSERT INTO "config_cmds" VALUES(39,41,'${SRC_DIR}/${PS}-${PV}/configure --prefix=/usr --docdir=/usr/share/doc/{$PN}-${PV} --without-emacs --without-lispdir --with-included-glib --with-included-libcroco --with-included-libunistring --without-included-gettext ${OPT acl ENDIS acl} ${OPT cxx ENDIS c++} ${OPT cxx ENDIS libasprintf} ${OPT ncurses ENDIS curses} ${OPT nls ENDIS nls} ${OPT openmp ENDIS openmp} ${OPT static-libs ENDIS static}','${BUILD_DIR}',NULL);
INSERT INTO "config_cmds" VALUES(40,42,'${SRC_DIR}/${PS}-${PV}/configure --prefix=/usr --sysconfdir=/etc --localstatedir=/var --config-cache --with-rootprefix=/usr --with-rootlibdir=/usr/lib --with-sysvinit-path= --with-sysvrcnd-path= --enable-efi --enable-ema --enable-split-usr --disable-sysusers --without-python --disable-tests --disable-manpages  --with-dbuspolicydir=/etc/dbus-1/system.d --with-dbussessionservicedir=/usr/share/dbus-1/services --with-dbussystemservicedir=/usr/share/dbus-1/system-service --with-pamlibdir=/lib/security  --docdir=/usr/share/doc/${PN}-${PV}','${BUILD_DIR}',NULL);
INSERT INTO "config_cmds" VALUES(41,43,'${SRC_DIR}/${PS}-${PV}/configure --prefix=/usr --exec-prefix= --libdir=/usr/lib --docdir=/usr/share/doc/procps-ng-3.3.12 --disable-static --disable-kill --with-systemd','${BUILD_DIR}',NULL);
INSERT INTO "config_cmds" VALUES(42,44,'LIBS=-L/tools/lib CFLAGS=-I/tools/include PKG_CONFIG_PATH=/tools/lib/pkgconfig ${SRC_DIR}/${PS}-${PV}/configure --prefix=/usr --bindir=/bin --with-root-prefix="" --enable-elf-shlibs --disable-libblkid --disable-libuuid --disable-uuidd --disable-fsck','${BUILD_DIR}',NULL);
INSERT INTO "config_cmds" VALUES(43,45,'FORCE_UNSAFE_CONFIGURE=1 ${SRC_DIR}/${PS}-${PV}/configure --prefix=/usr --enable-no-install-program=kill,uptime ${OPT caps ENDIS libcap} ${OPT nls ENDIS nls} ${OPT acl ENDIS acl} ${OPT multicall ENDIS single-binary} ${OPT xattr ENDIS xattr} ${OPT gmp WITHIO gmp}','${BUILD_DIR}',NULL);
INSERT INTO "config_cmds" VALUES(44,46,'${SRC_DIR}/${PS}-${PV}/configure --prefix=/usr ${OPT nls ENDIS nls}','${BUILD_DIR}',NULL);
INSERT INTO "config_cmds" VALUES(45,47,'${SRC_DIR}/${PS}-${PV}/configure --prefix=/usr ${OPT mpfr WITHIO mpfr} ${OPT nls ENDIS nls} ${OPT readline WITHIO readline}','${BUILD_DIR}',NULL);
INSERT INTO "config_cmds" VALUES(46,48,'${SRC_DIR}/${PS}-${PV}/configure --prefix=/usr --localstatedir=/var/lib/locate --libexecdir=/usr/lib ${OPT nls ENDIS nls}','${BUILD_DIR}',NULL);
INSERT INTO "config_cmds" VALUES(47,49,'PAGE=A4 ${SRC_DIR}/${PS}-${PV}/configure --prefix=/usr','${BUILD_DIR}',NULL);
INSERT INTO "config_cmds" VALUES(49,51,'${SRC_DIR}/${PS}-${PV}/configure --prefix=/usr --bindir=/bin','${BUILD_DIR}',NULL);
INSERT INTO "config_cmds" VALUES(50,53,'${SRC_DIR}/${PS}-${PV}/configure --prefix=/usr --disable-vlock','${BUILD_DIR}',NULL);
INSERT INTO "config_cmds" VALUES(51,54,'${SRC_DIR}/${PS}-${PV}/configure --prefix=/usr','${BUILD_DIR}',NULL);
INSERT INTO "config_cmds" VALUES(52,55,'${SRC_DIR}/${PS}-${PV}/configure --prefix=/usr ${OPT nls ENDIS nls} ${OPT guile WITHIO guile}','${BUILD_DIR}',NULL);
INSERT INTO "config_cmds" VALUES(53,56,'${SRC_DIR}/${PS}-${PV}/configure --prefix=/usr ${OPT xattr ENDIS xattr}','${BUILD_DIR}',NULL);
INSERT INTO "config_cmds" VALUES(54,57,'${SRC_DIR}/${PS}-${PV}/configure --prefix=/usr --sysconfdir=/etc --localstatedir=/var --disable-static --disable-doxygen-docs --disable-xml-docs --docdir=/usr/share/doc/${PN}-${PV} --with-console-auth-dir=/run/console','${BUILD_DIR}',NULL);
INSERT INTO "config_cmds" VALUES(55,58,'${SRC_DIR}/${PS}-${PV}/configure ADJTIME_PATH=/var/lib/hwclock/adjtime --docdir=/usr/share/doc/${PN}-${PV} --disable-chfn-chsh --disable-login --disable-nologin --disable-su --disable-setpriv --disable-runuser --disable-pylibmount --disable-static --without-python --enable-libmount-force-mountinfo','${BUILD_DIR}',NULL);
INSERT INTO "config_cmds" VALUES(56,59,'${SRC_DIR}/${PS}-${PV}/configure --prefix=/usr --docdir=/usr/share/doc/${PN}-${PV} --sysconfdir=/etc --disable-setuid --with-browser=/usr/bin/lynx --with-vgrind=/usr/bin/vgrind --with-grap=/usr/bin/grap','${BUILD_DIR}',NULL);
INSERT INTO "config_cmds" VALUES(57,60,'FORCE_UNSAFE_CONFIGURE=1 ${SRC_DIR}/${PS}-${PV}/configure --prefix=/usr --bindir=/bin ${OPT acl WITHIO posix-acls} ${OPT nls ENDIS nls} ${OPT xattr WITHIO xattrs}','${BUILD_DIR}',NULL);
INSERT INTO "config_cmds" VALUES(58,61,'${SRC_DIR}/${PS}-${PV}/configure --prefix=/usr --disable-static','${BUILD_DIR}',NULL);
INSERT INTO "config_cmds" VALUES(59,5,'minizip_opt','test_dir',1);
INSERT INTO "config_cmds" VALUES(61,50,'${OPT unicode EXPNY ac_cv_lib_ncurses_initscr} ${OPT unicode EXPYN ac_cv_lib_ncursesw_initscr} ${SRC_DIR}/${PS}-${PV}/configure --prefix=/usr --sysconfdir=/etc','${BUILD_DIR}',NULL);
INSERT INTO "config_cmds" VALUES(62,62,'${SRC_DIR}/${PS}-${PV}/Configure linux-x86_64 --prefix=/usr --openssldir=/etc/ssl --libdir=lib shared zlib-dynamic threads enable-camellia enable-idea enable-mdc2 enable-rc5 enable-tlsext','${SRC_DIR}/${PS}-${PV}',NULL);
INSERT INTO "config_cmds" VALUES(63,63,'${SRC_DIR}/${PS}-${PV}/configure --prefix=/usr --disable-static --enable-threaded-resolver --with-ca-path=/etc/ssl/certs ${OPT ldap ENDIS ldap} ${OPT ldap ENDIS ldaps} ${OPT idn ENDIS libidn2}','${BUILD_DIR}',NULL);
INSERT INTO "config_cmds" VALUES(64,64,'${SRC_DIR}/${PS}-autoconf-3170000/configure --prefix=/usr --enable-threadsafe CFLAGS="${CFLAGS} -g -O2 -DSQLITE_ENABLE_FTS3=1 -DSQLITE_ENABLE_COLUMN_METADATA=1 -DSQLITE_ENABLE_UNLOCK_NOTIFY=1 -DSQLITE_SECURE_DELETE=1 -DSQLITE_ENABLE_DBSTAT_VTAB=1 -DSQLITE_ENABLE_API_ARMOR -DSQLITE_ENABLE_EXPLAIN_COMMENTS -DSQLITE_ENABLE_FTS3_PARENTHESIS -DSQLITE_ENABLE_FTS4 -DSQLITE_ENABLE_HIDDEN_COLUMNS -DSQLITE_ENABLE_JSON1 -DSQLITE_ENABLE_MEMSYS5 -DSQLITE_ENABLE_RBU -DSQLITE_ENABLE_RTREE -DSQLITE_ENABLE_STMT_SCANSTATUS -DSQLITE_ENABLE_UNKNOWN_SQL_FUNCTION -DSQLITE_ENABLE_UNLOCK_NOTIFY -DSQLITE_SOUNDEX" --enable-fts5 --enable-session --disable-editline ${OPT readline ENDIS readline} ${OPT static-libs ENDIS static}','${BUILD_DIR}',NULL);
INSERT INTO "config_cmds" VALUES(65,65,'${SRC_DIR}/${PS}-${PV}/configure --prefix=/usr','${BUILD_DIR}',NULL);
INSERT INTO "config_cmds" VALUES(66,66,'yes "" | ./configure.sh config.in','${SRC_DIR}/${PS}-${PV}',NULL);
INSERT INTO "config_cmds" VALUES(67,68,'${SRC_DIR}/${PS}-${PV}/configure --prefix=/usr --sysconfdir=/etc --disable-assert --disable-rpath ${OPT idn ENDIS iri} ${OPT ipv6 ENDIS ipv6} ${OPT nls ENDIS nls} ${OPT pcre ENDIS pcre} ${OPT ssl ENDIS digest} ${OPT ssl ENDIS opie} ${OPT idn WITHIO libidn} ${OPT ssl WITH -ssl=openssl} ${OPT zlib WITHIO zlib}','${BUILD_DIR}',NULL);
INSERT INTO "config_cmds" VALUES(68,69,'${SRC_DIR}/${PS}-${PV}/configure --prefix=/usr --sysconfdir=/etc --with-ldflags="${LDFLAGS}" --disable-strip --with-pid-dir=/run --sysconfdir=/etc/ssh --libexecdir=/usr/lib/misc --datadir=/usr/share/openssh --with-privsep-path=/var/empty --with-privsep-user=sshd ${OPT ldap WITHIO ldap} ${OPT pam WITHIO pam} ${OPT ssl WITHIO openssl} ${OPT ssl WITHIO md5-passwords} ${OPT ssl WITHIO ssl-engine}','${BUILD_DIR}',NULL);
INSERT INTO "config_cmds" VALUES(69,32,'CPPFLAGS="${CPPFLAGS} -DXML_UNICODE" ${SRC_DIR}/${PS}-${PV}/configure --prefix=/usr --disable-static','${BUILD_DIR}u',21);
INSERT INTO "config_cmds" VALUES(70,32,'CPPFLAGS="${CPPFLAGS} -DXML_UNICODE_WCHAR_T" ${SRC_DIR}/${PS}-${PV}/configure --prefix=/usr --disable-static','${BUILD_DIR}w',21);
CREATE TABLE postinst_msg (id INTEGER PRIMARY KEY AUTOINCREMENT, pkg_id INTEGER REFERENCES package_meta (id), msg STRING);
INSERT INTO "postinst_msg" VALUES(1,11,'Please, update you "/etc/localtime"!');
CREATE TABLE sets (id INTEGER PRIMARY KEY AUTOINCREMENT, name TEXT);
INSERT INTO "sets" VALUES(1,'system');
INSERT INTO "sets" VALUES(2,'world');
CREATE TABLE make_cmds (id INTEGER PRIMARY KEY AUTOINCREMENT, pkg_id INTEGER REFERENCES package (id), cmd TEXT, dir STRING, dep_by_opt_id INTEGER REFERENCES config_opts (id));
INSERT INTO "make_cmds" VALUES(1,3,'make ${MAKEOPTS}','${BUILD_DIR}',NULL);
INSERT INTO "make_cmds" VALUES(2,4,'make ${MAKEOPTS}','${SRC_DIR}',NULL);
INSERT INTO "make_cmds" VALUES(3,5,'make ${MAKEOPTS}','${SRC_DIR}/${PS}-${PV}',NULL);
INSERT INTO "make_cmds" VALUES(5,6,'make ${MAKEOPTS}','${BUILD_DIR}',NULL);
INSERT INTO "make_cmds" VALUES(6,7,'make ${MAKEOPTS}','${BUILD_DIR}',NULL);
INSERT INTO "make_cmds" VALUES(7,8,'make ${MAKEOPTS}','${BUILD_DIR}',NULL);
INSERT INTO "make_cmds" VALUES(8,9,'make ${MAKEOPTS}','${BUILD_DIR}',NULL);
INSERT INTO "make_cmds" VALUES(9,10,'make ${MAKEOPTS}','${BUILD_DIR}',NULL);
INSERT INTO "make_cmds" VALUES(10,11,'make ''LDFLAGS=-Wl,-O1 -Wl,--as-needed'' ''LIBPATH=/usr/lib/gcc/$(gcc -dumpmachine)/${PV}'' ''BOOT_CFLAGS=-m64 -O2 -pipe'' bootstrap-lean ${MAKEOPTS}','${BUILD_DIR}',NULL);
INSERT INTO "make_cmds" VALUES(11,12,'make -f Makefile-libbz2_so','${SRC_DIR}/${PS}-${PV}',NULL);
INSERT INTO "make_cmds" VALUES(12,13,'make ${MAKEOPTS}','${BUILD_DIR}',NULL);
INSERT INTO "make_cmds" VALUES(13,14,'make ${MAKEOPTS}','${BUILD_DIR}',NULL);
INSERT INTO "make_cmds" VALUES(14,15,'make ${MAKEOPTS}','${SRC_DIR}/${PS}-${PV}',NULL);
INSERT INTO "make_cmds" VALUES(15,16,'make ${MAKEOPTS}','${SRC_DIR}/${PS}-${PV}',NULL);
INSERT INTO "make_cmds" VALUES(16,17,'make ${MAKEOPTS}','${SRC_DIR}/${PS}-${PV}',NULL);
INSERT INTO "make_cmds" VALUES(17,18,'make ${MAKEOPTS}','${BUILD_DIR}',NULL);
INSERT INTO "make_cmds" VALUES(18,19,'make ${MAKEOPTS}','${BUILD_DIR}',NULL);
INSERT INTO "make_cmds" VALUES(19,20,'make ${MAKEOPTS}','${BUILD_DIR}',NULL);
INSERT INTO "make_cmds" VALUES(20,21,'make ${MAKEOPTS}','${SRC_DIR}/${PS}-${PV}',NULL);
INSERT INTO "make_cmds" VALUES(21,22,'make ${MAKEOPTS}','${BUILD_DIR}',NULL);
INSERT INTO "make_cmds" VALUES(22,23,'make ${MAKEOPTS}','${BUILD_DIR}',NULL);
INSERT INTO "make_cmds" VALUES(23,24,'make ${MAKEOPTS}','${BUILD_DIR}',NULL);
INSERT INTO "make_cmds" VALUES(24,25,'make ${MAKEOPTS}','${BUILD_DIR}',NULL);
INSERT INTO "make_cmds" VALUES(25,26,'make SHLIB_LIBS=-lncurses ${MAKEOPTS}','${BUILD_DIR}',NULL);
INSERT INTO "make_cmds" VALUES(26,27,'make ${MAKEOPTS}','${BUILD_DIR}',NULL);
INSERT INTO "make_cmds" VALUES(27,28,'make ${MAKEOPTS}','${BUILD_DIR}',NULL);
INSERT INTO "make_cmds" VALUES(28,29,'make ${MAKEOPTS}','${BUILD_DIR}',NULL);
INSERT INTO "make_cmds" VALUES(29,30,'make ${MAKEOPTS}','${BUILD_DIR}',NULL);
INSERT INTO "make_cmds" VALUES(30,31,'make ${MAKEOPTS}','${BUILD_DIR}',NULL);
INSERT INTO "make_cmds" VALUES(31,32,'make ${MAKEOPTS}','${BUILD_DIR}',NULL);
INSERT INTO "make_cmds" VALUES(32,33,'make ${MAKEOPTS}','${BUILD_DIR}',NULL);
INSERT INTO "make_cmds" VALUES(33,34,'BUILD_ZLIB=False BUILD_BZIP2=0 make ${MAKEOPTS}','${SRC_DIR}/${PS}-${PV}',NULL);
INSERT INTO "make_cmds" VALUES(34,35,'make ${MAKEOPTS}','${SRC_DIR}/${PS}-${PV}',NULL);
INSERT INTO "make_cmds" VALUES(35,36,'make ${MAKEOPTS}','${BUILD_DIR}',NULL);
INSERT INTO "make_cmds" VALUES(36,37,'make ${MAKEOPTS}','${BUILD_DIR}',NULL);
INSERT INTO "make_cmds" VALUES(37,38,'make ${MAKEOPTS}','${BUILD_DIR}',NULL);
INSERT INTO "make_cmds" VALUES(38,39,'make ${MAKEOPTS}','${BUILD_DIR}',NULL);
INSERT INTO "make_cmds" VALUES(39,40,'make ${MAKEOPTS}','${BUILD_DIR}',NULL);
INSERT INTO "make_cmds" VALUES(40,41,'make ${MAKEOPTS}','${BUILD_DIR}',NULL);
INSERT INTO "make_cmds" VALUES(41,42,'make ${MAKEOPTS}','${BUILD_DIR}',NULL);
INSERT INTO "make_cmds" VALUES(42,43,'make ${MAKEOPTS}','${BUILD_DIR}',NULL);
INSERT INTO "make_cmds" VALUES(43,44,'make ${MAKEOPTS}','${BUILD_DIR}',NULL);
INSERT INTO "make_cmds" VALUES(44,45,'FORCE_UNSAFE_CONFIGURE=1 make ${MAKEOPTS}','${BUILD_DIR}',NULL);
INSERT INTO "make_cmds" VALUES(45,46,'make ${MAKEOPTS}','${BUILD_DIR}',NULL);
INSERT INTO "make_cmds" VALUES(46,47,'make ${MAKEOPTS}','${BUILD_DIR}',NULL);
INSERT INTO "make_cmds" VALUES(47,48,'make ${MAKEOPTS}','${BUILD_DIR}',NULL);
INSERT INTO "make_cmds" VALUES(48,49,'make ${MAKEOPTS}','${BUILD_DIR}',NULL);
INSERT INTO "make_cmds" VALUES(49,50,'make ${MAKEOPTS}','${BUILD_DIR}',NULL);
INSERT INTO "make_cmds" VALUES(50,51,'make ${MAKEOPTS}','${BUILD_DIR}',NULL);
INSERT INTO "make_cmds" VALUES(51,52,'make ${MAKEOPTS}','${SRC_DIR}/${PS}-${PV}',NULL);
INSERT INTO "make_cmds" VALUES(52,53,'make ${MAKEOPTS}','${BUILD_DIR}',NULL);
INSERT INTO "make_cmds" VALUES(53,54,'make ${MAKEOPTS}','${BUILD_DIR}',NULL);
INSERT INTO "make_cmds" VALUES(54,55,'make ${MAKEOPTS}','${BUILD_DIR}',NULL);
INSERT INTO "make_cmds" VALUES(55,56,'make ${MAKEOPTS}','${BUILD_DIR}',NULL);
INSERT INTO "make_cmds" VALUES(56,57,'make ${MAKEOPTS}','${BUILD_DIR}',NULL);
INSERT INTO "make_cmds" VALUES(57,58,'make ${MAKEOPTS}','${BUILD_DIR}',NULL);
INSERT INTO "make_cmds" VALUES(58,59,'make ${MAKEOPTS}','${BUILD_DIR}',NULL);
INSERT INTO "make_cmds" VALUES(59,60,'make ${MAKEOPTS}','${BUILD_DIR}',NULL);
INSERT INTO "make_cmds" VALUES(60,61,'make ${MAKEOPTS}','${BUILD_DIR}',NULL);
INSERT INTO "make_cmds" VALUES(61,12,'make clean','${SRC_DIR}/${PS}-${PV}',2);
INSERT INTO "make_cmds" VALUES(62,12,'make ${MAKEOPTS}','${SRC_DIR}/${PS}-${PV}',2);
INSERT INTO "make_cmds" VALUES(63,62,'make ${MAKEOPTS} depend','${SRC_DIR}/${PS}-${PV}',NULL);
INSERT INTO "make_cmds" VALUES(64,62,'make ${MAKEOPTS}','${SRC_DIR}/${PS}-${PV}',NULL);
INSERT INTO "make_cmds" VALUES(65,63,'make ${MAKEOPTS}','${BUILD_DIR}',NULL);
INSERT INTO "make_cmds" VALUES(66,64,'make ${MAKEOPTS}','${BUILD_DIR}',0);
INSERT INTO "make_cmds" VALUES(67,65,'make ${MAKEOPTS}','${BUILD_DIR}',NULL);
INSERT INTO "make_cmds" VALUES(68,66,'make ${MAKEOPTS}','${SRC_DIR}/${PS}-${PV}',NULL);
INSERT INTO "make_cmds" VALUES(69,67,'make ${MAKEOPTS} ${OPT caps EXPYN USE_CAP} ${OPT idn EXPYN USE_IDN} ${OPT gcrypt EXPYN USE_GCRYPT} ${OPT ssl EXPYN USE_CRYPTO} IPV4_TARGETS=ping ${OPT ipv6 FLAGON IPV6_TARGETS=ping6}','${SRC_DIR}/${PS}-s${PV}',NULL);
INSERT INTO "make_cmds" VALUES(70,68,'make ${MAKEOPTS}','${BUILD_DIR}',NULL);
INSERT INTO "make_cmds" VALUES(71,69,'make ${MAKEOPTS}','${BUILD_DIR}',NULL);
INSERT INTO "make_cmds" VALUES(72,32,'make ${MAKEOPTS} buildlib LIBRARY=libexpatu.la','${BUILD_DIR}u',21);
INSERT INTO "make_cmds" VALUES(73,32,'make ${MAKEOPTS} buildlib LIBRARY=libexpatw.la','${BUILD_DIR}w',21);
CREATE TABLE category (id INTEGER PRIMARY KEY AUTOINCREMENT, name TEXT);
INSERT INTO "category" VALUES(1,'app-accessibility');
INSERT INTO "category" VALUES(2,'app-admin');
INSERT INTO "category" VALUES(3,'app-antivirus');
INSERT INTO "category" VALUES(4,'app-arch');
INSERT INTO "category" VALUES(5,'app-backup');
INSERT INTO "category" VALUES(6,'app-benchmarks');
INSERT INTO "category" VALUES(7,'app-cdr');
INSERT INTO "category" VALUES(8,'app-crypt');
INSERT INTO "category" VALUES(9,'app-dicts');
INSERT INTO "category" VALUES(10,'app-doc');
INSERT INTO "category" VALUES(11,'app-editors');
INSERT INTO "category" VALUES(12,'app-emacs');
INSERT INTO "category" VALUES(13,'app-emulation');
INSERT INTO "category" VALUES(14,'app-eselect');
INSERT INTO "category" VALUES(15,'app-forensics');
INSERT INTO "category" VALUES(16,'app-i18n');
INSERT INTO "category" VALUES(17,'app-laptop');
INSERT INTO "category" VALUES(18,'app-leechcraft');
INSERT INTO "category" VALUES(19,'app-misc');
INSERT INTO "category" VALUES(20,'app-mobilephone');
INSERT INTO "category" VALUES(21,'app-office');
INSERT INTO "category" VALUES(22,'app-officeext');
INSERT INTO "category" VALUES(23,'app-pda');
INSERT INTO "category" VALUES(24,'app-portage');
INSERT INTO "category" VALUES(25,'app-shells');
INSERT INTO "category" VALUES(26,'app-text');
INSERT INTO "category" VALUES(27,'app-vim');
INSERT INTO "category" VALUES(28,'app-xemacs');
INSERT INTO "category" VALUES(29,'dev-ada');
INSERT INTO "category" VALUES(30,'dev-cpp');
INSERT INTO "category" VALUES(31,'dev-db');
INSERT INTO "category" VALUES(32,'dev-dotnet');
INSERT INTO "category" VALUES(33,'dev-embedded');
INSERT INTO "category" VALUES(34,'dev-games');
INSERT INTO "category" VALUES(35,'dev-go');
INSERT INTO "category" VALUES(36,'dev-haskell');
INSERT INTO "category" VALUES(37,'dev-java');
INSERT INTO "category" VALUES(38,'dev-lang');
INSERT INTO "category" VALUES(39,'dev-libs');
INSERT INTO "category" VALUES(40,'dev-lisp');
INSERT INTO "category" VALUES(41,'dev-lua');
INSERT INTO "category" VALUES(42,'dev-ml');
INSERT INTO "category" VALUES(43,'dev-perl');
INSERT INTO "category" VALUES(44,'dev-php');
INSERT INTO "category" VALUES(45,'dev-python');
INSERT INTO "category" VALUES(46,'dev-qt');
INSERT INTO "category" VALUES(47,'dev-ros');
INSERT INTO "category" VALUES(48,'dev-ruby');
INSERT INTO "category" VALUES(49,'dev-scheme');
INSERT INTO "category" VALUES(50,'dev-tcltk');
INSERT INTO "category" VALUES(51,'dev-tex');
INSERT INTO "category" VALUES(52,'dev-texlive');
INSERT INTO "category" VALUES(53,'dev-util');
INSERT INTO "category" VALUES(54,'dev-vcs');
INSERT INTO "category" VALUES(55,'games-action');
INSERT INTO "category" VALUES(56,'games-arcade');
INSERT INTO "category" VALUES(57,'games-board');
INSERT INTO "category" VALUES(58,'games-emulation');
INSERT INTO "category" VALUES(59,'games-engines');
INSERT INTO "category" VALUES(60,'games-fps');
INSERT INTO "category" VALUES(61,'games-kids');
INSERT INTO "category" VALUES(62,'games-misc');
INSERT INTO "category" VALUES(63,'games-mud');
INSERT INTO "category" VALUES(64,'games-puzzle');
INSERT INTO "category" VALUES(65,'games-roguelike');
INSERT INTO "category" VALUES(66,'games-rpg');
INSERT INTO "category" VALUES(67,'games-server');
INSERT INTO "category" VALUES(68,'games-simulation');
INSERT INTO "category" VALUES(69,'games-sports');
INSERT INTO "category" VALUES(70,'games-strategy');
INSERT INTO "category" VALUES(71,'games-util');
INSERT INTO "category" VALUES(72,'gnome-base');
INSERT INTO "category" VALUES(73,'gnome-extra');
INSERT INTO "category" VALUES(74,'gnustep-apps');
INSERT INTO "category" VALUES(75,'gnustep-base');
INSERT INTO "category" VALUES(76,'gnustep-libs');
INSERT INTO "category" VALUES(77,'java-virtuals');
INSERT INTO "category" VALUES(78,'kde-apps');
INSERT INTO "category" VALUES(79,'kde-base');
INSERT INTO "category" VALUES(80,'kde-frameworks');
INSERT INTO "category" VALUES(81,'kde-misc');
INSERT INTO "category" VALUES(82,'kde-plasma');
INSERT INTO "category" VALUES(83,'lxde-base');
INSERT INTO "category" VALUES(84,'lxqt-base');
INSERT INTO "category" VALUES(85,'mail-client');
INSERT INTO "category" VALUES(86,'mail-filter');
INSERT INTO "category" VALUES(87,'mail-mta');
INSERT INTO "category" VALUES(88,'mate-base');
INSERT INTO "category" VALUES(89,'mate-extra');
INSERT INTO "category" VALUES(90,'media-fonts');
INSERT INTO "category" VALUES(91,'media-gfx');
INSERT INTO "category" VALUES(92,'media-libs');
INSERT INTO "category" VALUES(93,'media-plugins');
INSERT INTO "category" VALUES(94,'media-radio');
INSERT INTO "category" VALUES(95,'media-sound');
INSERT INTO "category" VALUES(96,'media-tv');
INSERT INTO "category" VALUES(97,'media-video');
INSERT INTO "category" VALUES(98,'net-analyzer');
INSERT INTO "category" VALUES(99,'net-dialup');
INSERT INTO "category" VALUES(100,'net-dns');
INSERT INTO "category" VALUES(101,'net-firewall');
INSERT INTO "category" VALUES(102,'net-fs');
INSERT INTO "category" VALUES(103,'net-ftp');
INSERT INTO "category" VALUES(104,'net-im');
INSERT INTO "category" VALUES(105,'net-irc');
INSERT INTO "category" VALUES(106,'net-libs');
INSERT INTO "category" VALUES(107,'net-mail');
INSERT INTO "category" VALUES(108,'net-misc');
INSERT INTO "category" VALUES(109,'net-nds');
INSERT INTO "category" VALUES(110,'net-news');
INSERT INTO "category" VALUES(111,'net-nntp');
INSERT INTO "category" VALUES(112,'net-p2p');
INSERT INTO "category" VALUES(113,'net-print');
INSERT INTO "category" VALUES(114,'net-proxy');
INSERT INTO "category" VALUES(115,'net-voip');
INSERT INTO "category" VALUES(116,'net-wireless');
INSERT INTO "category" VALUES(117,'perl-core');
INSERT INTO "category" VALUES(118,'ros-meta');
INSERT INTO "category" VALUES(119,'sci-astronomy');
INSERT INTO "category" VALUES(120,'sci-biology');
INSERT INTO "category" VALUES(121,'sci-calculators');
INSERT INTO "category" VALUES(122,'sci-chemistry');
INSERT INTO "category" VALUES(123,'sci-electronics');
INSERT INTO "category" VALUES(124,'sci-geosciences');
INSERT INTO "category" VALUES(125,'sci-libs');
INSERT INTO "category" VALUES(126,'sci-mathematics');
INSERT INTO "category" VALUES(127,'sci-misc');
INSERT INTO "category" VALUES(128,'sci-physics');
INSERT INTO "category" VALUES(129,'sci-visualization');
INSERT INTO "category" VALUES(130,'sec-policy');
INSERT INTO "category" VALUES(131,'sys-apps');
INSERT INTO "category" VALUES(132,'sys-auth');
INSERT INTO "category" VALUES(133,'sys-block');
INSERT INTO "category" VALUES(134,'sys-boot');
INSERT INTO "category" VALUES(135,'sys-cluster');
INSERT INTO "category" VALUES(136,'sys-devel');
INSERT INTO "category" VALUES(137,'sys-firmware');
INSERT INTO "category" VALUES(138,'sys-freebsd');
INSERT INTO "category" VALUES(139,'sys-fs');
INSERT INTO "category" VALUES(140,'sys-infiniband');
INSERT INTO "category" VALUES(141,'sys-kernel');
INSERT INTO "category" VALUES(142,'sys-libs');
INSERT INTO "category" VALUES(143,'sys-power');
INSERT INTO "category" VALUES(144,'sys-process');
INSERT INTO "category" VALUES(145,'www-apache');
INSERT INTO "category" VALUES(146,'www-apps');
INSERT INTO "category" VALUES(147,'www-client');
INSERT INTO "category" VALUES(148,'www-misc');
INSERT INTO "category" VALUES(149,'www-plugins');
INSERT INTO "category" VALUES(150,'www-servers');
INSERT INTO "category" VALUES(151,'x11-apps');
INSERT INTO "category" VALUES(152,'x11-base');
INSERT INTO "category" VALUES(153,'x11-drivers');
INSERT INTO "category" VALUES(154,'x11-libs');
INSERT INTO "category" VALUES(155,'x11-misc');
INSERT INTO "category" VALUES(156,'x11-plugins');
INSERT INTO "category" VALUES(157,'x11-proto');
INSERT INTO "category" VALUES(158,'x11-terms');
INSERT INTO "category" VALUES(159,'x11-themes');
INSERT INTO "category" VALUES(160,'x11-wm');
INSERT INTO "category" VALUES(161,'xfce-base');
INSERT INTO "category" VALUES(162,'xfce-extra');
DELETE FROM sqlite_sequence;
INSERT INTO "sqlite_sequence" VALUES('package',98);
INSERT INTO "sqlite_sequence" VALUES('config_aliases',7);
INSERT INTO "sqlite_sequence" VALUES('prepare_cmds',55);
INSERT INTO "sqlite_sequence" VALUES('pkg_deps',252);
INSERT INTO "sqlite_sequence" VALUES('config_opts',460);
INSERT INTO "sqlite_sequence" VALUES('set_pkgs',34);
INSERT INTO "sqlite_sequence" VALUES('pkg_opts',260);
INSERT INTO "sqlite_sequence" VALUES('package_meta',101);
INSERT INTO "sqlite_sequence" VALUES('postinstall_cmds',107);
INSERT INTO "sqlite_sequence" VALUES('package_sources',84);
INSERT INTO "sqlite_sequence" VALUES('install_cmds',112);
INSERT INTO "sqlite_sequence" VALUES('config_cmds',70);
INSERT INTO "sqlite_sequence" VALUES('postinst_msg',1);
INSERT INTO "sqlite_sequence" VALUES('sets',2);
INSERT INTO "sqlite_sequence" VALUES('make_cmds',73);
INSERT INTO "sqlite_sequence" VALUES('category',162);
INSERT INTO "sqlite_sequence" VALUES('installed_pkg_files',104126);
INSERT INTO "sqlite_sequence" VALUES('installed_pkgs',56);
INSERT INTO "sqlite_sequence" VALUES('installed_pkg_opts',156);
COMMIT;
